,press_release_url,paper_url,doi
0,https://www.sciencedaily.com/releases/2020/07/200710140823.htm,http://dx.doi.org/10.1371/journal.pbio.3000740,
1,https://www.smithsonianmag.com/smithsonian-institution/tiny-sea-creatures-invisibility-cloak-possibly-spheres-180960926/,https://www.cell.com/current-biology/fulltext/S0960-9822(16)31084-3,
2,https://www.sciencedaily.com/releases/2020/07/200702113731.htm,http://dx.doi.org/10.3390/md18060311,
3,https://www.uni-kiel.de/pressemeldungen/index.php?pmid=2017-257-libellen&lang=en&pr=1,https://www.sciencedirect.com/science/article/abs/pii/S1742706117304695?via%3Dihub,
4,https://www.sciencedaily.com/releases/2020/04/200429105913.htm,http://dx.doi.org/10.1098/rsos.191989,
5,https://www.sciencedaily.com/releases/2020/02/200225104951.htm,https://zookeys.pensoft.net/article/38348/,
6,https://www.sciencedaily.com/releases/2020/04/200420105037.htm,http://dx.doi.org/10.1111/ele.13506,
7,https://www.sgorb.zoologie.uni-kiel.de/?page_id=337,https://royalsocietypublishing.org/doi/10.1098/rsif.2018.0246,
8,,https://academic.oup.com/aob/article/107/2/181/188441,
9,https://news.illinois.edu/view/6367/537912,https://pubs.acs.org/doi/abs/10.1021/acsami.7b07060,
10,https://www.sciencedaily.com/releases/2020/06/200610094040.htm,http://dx.doi.org/10.1039/D0SC01935F,
11,https://www.sciencedaily.com/releases/2020/04/200407150821.htm,https://elifesciences.org/articles/52187,
12,<https://qz.com/1465774/pyrosomes-the-unicorn-of-the-sea-wouldnt-exist-without-collaboration/>,https://qz.com/1465774/pyrosomes-the-unicorn-of-the-sea-wouldnt-exist-without-collaboration/,
13,https://phys.org/news/2018-09-colour-generation-mechanism-rainbow-weevil.html,https://onlinelibrary.wiley.com/doi/abs/10.1002/smll.201802328,
14,https://www.sciencedaily.com/releases/2020/04/200428112546.htm,http://dx.doi.org/10.7554/eLife.52716,
15,https://www.sciencedaily.com/releases/2020/07/200702144715.htm,http://dx.doi.org/10.1371/journal.ppat.1008620,
16,https://www.sciencedaily.com/releases/2020/07/200729124355.htm,http://dx.doi.org/10.1021/acsnano.9b09941,
17,https://www.sciencedaily.com/releases/2020/07/200720102054.htm,http://dx.doi.org/10.1128/AEM.01361-20,
18,https://www.sciencedaily.com/releases/2020/10/201021130125.htm,http://dx.doi.org/10.1016/j.matt.2020.09.023,
19,https://www.sciencedaily.com/releases/2020/06/200630193211.htm,http://dx.doi.org/10.7554/eLife.55774,
20,https://www.nature.com/articles/d41586-020-02255-y,https://onlinelibrary.wiley.com/doi/abs/10.1002/anie.202007885,
21,https://www.sciencedaily.com/releases/2020/06/200605132429.htm,https://www.nature.com/articles/s41467-020-16600-2,
22,https://www.sciencefriday.com/segments/butterfly-wings-temperature/,https://www.nature.com/articles/s41467-020-14408-8,
23,https://www.sciencedaily.com/releases/2020/04/200414122747.htm,https://onlinelibrary.wiley.com/doi/full/10.1002/admi.202000112,
24,https://www.nationalgeographic.com/news/2010/12/101228-sea-urchin-teeth-self-sharpening-tools-science-animals/,https://onlinelibrary.wiley.com/doi/abs/10.1002/adfm.201001546,
25,https://www.sciencedaily.com/releases/2020/05/200511124449.htm,http://dx.doi.org/10.1126/science.aaz6802,
26,https://www.sciencedaily.com/releases/2020/08/200818142147.htm,http://dx.doi.org/10.1016/j.celrep.2020.108028,
27,https://www.sciencedaily.com/releases/2020/04/200430113032.htm,http://dx.doi.org/10.1016/j.cub.2020.03.071,
28,https://www.sciencedaily.com/releases/2020/06/200603132541.htm,https://www.cell.com/cell/pdf/S0092-8674(20)30567-5.pdf?_returnURL=https%3A%2F%2Flinkinghub.elsevier.com%2Fretrieve%2Fpii%2FS0092867420305675%3Fshowall%3Dtrue,
29,https://www.sciencedaily.com/releases/2016/06/160601151935.htm,https://www.nature.com/articles/srep26889,
30,https://3dprintingindustry.com/news/3d-printed-biomimicry-of-bone-yields-important-discovery-for-lightweight-and-durable-engineering-166245/,https://www.pnas.org/content/116/49/24457.short?rss=1,
31,https://newatlas.com/clingfish-adhesion/37386/,https://jeb.biologists.org/content/217/14/2548,
32,https://www.sciencedaily.com/releases/2020/06/200610135103.htm,http://dx.doi.org/10.1002/ejoc.202000459,
33,https://www.sciencedaily.com/releases/2020/06/200615115803.htm,http://dx.doi.org/10.1038/s41567-020-0930-9,
34,https://www.sciencedaily.com/releases/2020/04/200417114438.htm,http://dx.doi.org/10.1002/adma.201906970,
35,https://www.sciencedaily.com/releases/2020/06/200610112055.htm,http://dx.doi.org/10.1088/1748-9326/ab9924,
36,https://www.sciencedaily.com/releases/2020/07/200728130831.htm,http://dx.doi.org/10.1116/6.0000199,
37,https://www.sciencedaily.com/releases/2020/05/200508083547.htm,http://dx.doi.org/10.1038/s42003-020-0959-4,
38,https://www.sciencedaily.com/releases/2020/07/200722112741.htm,http://dx.doi.org/10.1038/s41467-020-17135-2,
39,https://www.nytimes.com/2020/07/30/science/anglerfish-immune-rejection.html,https://science.sciencemag.org/content/369/6511/1608,
40,https://www.sciencedaily.com/releases/2020/04/200414084307.htm,https://www.sciencedirect.com/science/article/abs/pii/S0376635719303377?via%3Dihub,
41,https://www.sciencedaily.com/releases/2020/06/200604111641.htm,https://msystems.asm.org/content/5/3/e00077-20,
42,https://phys.org/news/2020-06-soft-ion-conducting-hydrogel-artificial-tongue.html,https://phys.org/news/2020-06-soft-ion-conducting-hydrogel-artificial-tongue.html,
43,https://www.labnews.co.uk/article/2030834/biomimicry-informs-better-sensors-just-add-noise,https://www.nature.com/articles/s41467-020-18195-0,
44,https://www.sciencedaily.com/releases/2019/12/191223095347.htm,https://www.pnas.org/content/116/51/25430,
45,https://www.sciencedaily.com/releases/2020/07/200721160725.htm,http://dx.doi.org/10.3389/frobt.2020.00090,
46,https://www.sciencedaily.com/releases/2020/07/200728130828.htm,http://dx.doi.org/10.1038/s41467-020-17502-z,
47,https://www.sciencedaily.com/releases/2020/05/200518154937.htm,http://dx.doi.org/10.1073/pnas.1919099117,
48,https://www.sciencedaily.com/releases/2020/07/200728130826.htm,http://dx.doi.org/10.1073/pnas.1921856117,
49,https://www.sciencedaily.com/releases/2020/05/200506162156.htm,http://dx.doi.org/10.1086/707719,
50,<https://www.sciencedaily.com/releases/2020/04/200428093506.htm>,https://www.sciencedaily.com/releases/2020/04/200428093506.htm,
51,https://www.sciencedaily.com/releases/2020/06/200609111050.htm,https://aslopubs.onlinelibrary.wiley.com/doi/full/10.1002/lno.11474,
52,https://www.sciencedaily.com/releases/2019/08/190830092111.htm,https://www.cell.com/current-biology/fulltext/S0960-9822(19)30879-6?_returnURL=https%3A%2F%2Flinkinghub.elsevier.com%2Fretrieve%2Fpii%2FS0960982219308796%3Fshowall%3Dtrue,
53,https://www.sciencedaily.com/releases/2020/05/200522113824.htm,http://dx.doi.org/10.1111/eea.12910,
54,https://www.nature.com/articles/nature21102,https://jeb.biologists.org/content/219/18/2908,
55,https://www.sciencedaily.com/releases/2020/06/200622133041.htm,http://dx.doi.org/10.1186/s13059-020-02060-w,
56,https://www.sciencedaily.com/releases/2019/03/190306152406.htm,https://www.nature.com/articles/s41467-019-08891-x,
57,https://www.sciencedaily.com/releases/2020/10/201019145551.htm,http://dx.doi.org/10.1126/science.abb6703,
58,https://www.sciencedaily.com/releases/2020/08/200827172100.htm,http://dx.doi.org/10.1038/s41558-020-0864-3,
59,https://www.sciencedaily.com/releases/2020/07/200720103320.htm,http://dx.doi.org/10.1073/pnas.2003526117,
60,https://www.sciencedaily.com/releases/2019/02/190208115304.htm,https://link.springer.com/article/10.1007%2Fs00359-018-01313-1,
61,https://www.sciencedaily.com/releases/2020/05/200508112917.htm,http://dx.doi.org/10.1523/JNEUROSCI.0216-20.2020,
62,https://www.sciencedaily.com/releases/2020/07/200715123145.htm,http://dx.doi.org/10.1021/acs.jproteome.0c00290,
63,https://www.sciencedaily.com/releases/2020/07/200728113627.htm,http://dx.doi.org/10.1002/esp.4933,
64,https://entomologytoday.org/2020/09/09/curious-case-spiders-ant-acacia-mutualisms/?fbclid=IwAR2SoCKSwLZLQ5Tfei7vYYJ_sc45xXaioVrhamFgPl-GeIKW52xPb1-kAFU,https://academic.oup.com/jinsectscience/article/20/4/16/5892795,
65,https://www.sciencedaily.com/releases/2019/10/191011095910.htm,https://www.nature.com/articles/s41396-019-0494-9,
66,https://www.sciencedaily.com/releases/2020/06/200610094045.htm,http://dx.doi.org/10.1038/s41598-020-66345-7,
67,https://www.sciencedaily.com/releases/2020/02/200225221342.htm,https://royalsocietypublishing.org/doi/10.1098/rsif.2019.0692,
68,https://www.sciencedaily.com/releases/2020/07/200706140848.htm,http://dx.doi.org/10.1038/s41557-020-0491-7,
69,https://www.sciencedaily.com/releases/2020/08/200810140949.htm,http://dx.doi.org/10.1016/j.cub.2020.07.007,
70,https://www.sciencedaily.com/releases/2020/05/200506162205.htm,http://dx.doi.org/10.1126/sciadv.aba1269,
71,https://www.sciencedaily.com/releases/2020/06/200616173227.htm,http://dx.doi.org/10.1007/s00114-020-01683-0,
72,https://www.sciencedaily.com/releases/2020/06/200615155114.htm,http://dx.doi.org/10.1073/pnas.1919377117,
73,https://engineering.lehigh.edu/news/article/keith-w-moored-fin-tastic-model,https://royalsocietypublishing.org/doi/10.1098/rsif.2019.0655,
74,https://www.sciencedaily.com/releases/2020/07/200724104219.htm,http://dx.doi.org/10.1523/JNEUROSCI.0241-20.2020,
75,https://www.smithsonianmag.com/smart-news/andean-condor-can-soar-100-miles-without-flapping-180975342/,https://www.pnas.org/content/117/30/17884,
76,https://www.sciencedaily.com/releases/2020/06/200623111333.htm,http://dx.doi.org/10.1073/pnas.2002707117,
77,https://www.sciencedaily.com/releases/2020/06/200601072957.htm,https://www.nature.com/articles/s41467-020-16578-x,
78,https://phys.org/news/2017-05-slice-pizza-curvature-fish-fins.html,https://royalsocietypublishing.org/doi/10.1098/rsif.2017.0247,
79,https://www.sciencedaily.com/releases/2020/06/200611152415.htm,http://dx.doi.org/10.2139/ssrn.3570562,
80,https://www.sciencedaily.com/releases/2020/06/200619104310.htm,http://dx.doi.org/10.1038/s41467-020-16921-2,
81,https://www.sciencedaily.com/releases/2020/04/200414105558.htm,http://dx.doi.org/10.1074/jbc.RA119.012281,
82,https://www.sciencedaily.com/releases/2020/06/200625144848.htm,http://dx.doi.org/10.1126/science.aba3203,
83,https://www.sciencedaily.com/releases/2020/10/201006132122.htm,http://dx.doi.org/10.1021/acs.jpclett.0c02627,
84,https://www.sciencedaily.com/releases/2020/07/200709141632.htm,http://dx.doi.org/10.1126/science.abb2978,
85,https://www.sciencedaily.com/releases/2018/05/180522152123.htm,https://elifesciences.org/articles/34862,
86,https://www.sciencedaily.com/releases/2020/07/200702113700.htm,http://dx.doi.org/10.1016/j.algal.2020.101970,
87,https://www.sciencedaily.com/releases/2020/07/200724104209.htm,http://dx.doi.org/10.1371/journal.pone.0235928,
88,https://www.sciencedaily.com/releases/2020/04/200428093506.htm,http://dx.doi.org/10.1016/j.cels.2020.04.002,
89,https://www.sciencedaily.com/releases/2020/05/200529150617.htm,http://dx.doi.org/10.1103/PhysRevX.10.021045,
90,https://www.sciencedaily.com/releases/2020/06/200618102416.htm,http://dx.doi.org/10.1016/j.matt.2020.05.011,
91,https://www.sciencedaily.com/releases/2020/03/200312101048.htm,http://dx.doi.org/10.1038/s41567-020-0809-9,
92,https://www.nature.com/news/how-the-disco-clam-got-its-flash-1.15462,https://royalsocietypublishing.org/doi/10.1098/rsif.2014.0407,
93,https://www.sciencedaily.com/releases/2020/07/200716120658.htm,http://dx.doi.org/10.1021/acsinfecdis.0c00307,
94,https://www.sciencedaily.com/releases/2020/06/200603100514.htm,https://www.nature.com/articles/s41467-020-16576-z,
95,https://www.theverge.com/2016/4/22/11486644/ice-crystal-bacteria-process-study,https://advances.sciencemag.org/content/2/4/e1501630,
96,https://www.sciencedaily.com/releases/2020/08/200806111854.htm,http://dx.doi.org/10.1016/j.cub.2020.07.005,
97,https://www.nytimes.com/2020/08/13/science/animal-tears.html,https://www.frontiersin.org/articles/10.3389/fvets.2020.00283/full,
98,https://www.sciencemag.org/news/2020/07/watch-3d-video-reveal-how-sperm-really-swim,https://advances.sciencemag.org/content/6/31/eaba5168,
99,https://www.sciencedaily.com/releases/2020/06/200611094211.htm,http://dx.doi.org/10.1371/journal.ppat.1008600,
100,https://www.sciencedaily.com/releases/2020/07/200716111636.htm,http://dx.doi.org/10.1016/j.cub.2020.06.044,
101,https://www.sciencedaily.com/releases/2020/06/200616135808.htm,http://dx.doi.org/10.7554/eLife.52237,
102,https://www.sciencedaily.com/releases/2020/02/200204112550.htm,https://academic.oup.com/jxb/article/71/10/2982/5722043,
103,https://www.sciencedaily.com/releases/2020/09/200928125031.htm,http://dx.doi.org/10.1242/dmm.045971,
104,https://www.sciencedaily.com/releases/2020/03/200310124715.htm,https://www.nature.com/articles/s41467-020-15033-1,
105,https://www.sciencedaily.com/releases/2020/07/200715123141.htm,http://dx.doi.org/10.1242/jeb.215327,
106,https://www.sciencedaily.com/releases/2020/07/200717120154.htm,http://dx.doi.org/10.1099/jgv.0.001466,
107,https://www.sciencedaily.com/releases/2020/06/200619143439.htm,http://dx.doi.org/10.1093/beheco/araa056,
108,https://www.sciencedaily.com/releases/2020/04/200408151231.htm,https://elifesciences.org/articles/52187,
109,https://www.sciencedaily.com/releases/2020/02/200205132257.htm,https://www.cell.com/current-biology/fulltext/S0960-9822(19)31671-9?_returnURL=https%3A%2F%2Flinkinghub.elsevier.com%2Fretrieve%2Fpii%2FS0960982219316719%3Fshowall%3Dtrue,
110,https://www.sciencedaily.com/releases/2020/05/200521151917.htm,http://dx.doi.org/10.1016/j.anbehav.2020.04.005,
111,https://www.sciencedaily.com/releases/2020/05/200526203557.htm,http://dx.doi.org/10.1098/rspb.2020.0488,
112,https://www.sciencedaily.com/releases/2020/06/200611104804.htm,http://dx.doi.org/10.7554/eLife.53370,
113,https://www.sciencedaily.com/releases/2020/06/200625162248.htm,http://dx.doi.org/10.3390/md18060298,
114,https://www.sciencedaily.com/releases/2020/04/200414225712.htm,http://dx.doi.org/10.1098/rsbl.2020.0063,
115,https://www.sciencedaily.com/releases/2020/06/200630125142.htm,http://dx.doi.org/10.1111/1365-2664.13682,
116,https://scripps.ucsd.edu/news/new-study-reveals-whats-behind-tarantulas-blue-hue,https://advances.sciencemag.org/content/1/10/e1500709,
117,<https://www.scientificamerican.com/article/bumblebees-bite-plants-to-force-them-to-flower-seriously/>,https://www.scientificamerican.com/article/bumblebees-bite-plants-to-force-them-to-flower-seriously/,
118,https://www.sciencedaily.com/releases/2020/07/200713165602.htm,http://dx.doi.org/10.1073/pnas.2006771117,
119,https://www.newscientist.com/article/2131109-ladybirds-transparent-shell-reveals-how-it-folds-its-wings/,https://www.pnas.org/content/114/22/5624,
120,https://www.sciencedaily.com/releases/2020/04/200417114442.htm,http://dx.doi.org/10.1126/science.aay6912,
121,<https://physics.aps.org/articles/v13/76?utm_source=Nature+Briefing&amp;utm_campaign=4d3d1489a2-briefing-dy-20200511&amp;utm_medium=email&amp;utm_term=0_c9dfd39373-4d3d1489a2-44490913>,https://physics.aps.org/articles/v13/76?utm_source=Nature+Briefing&amp;utm_campaign=4d3d1489a2-briefing-dy-20200511&amp;utm_medium=email&amp;utm_term=0_c9dfd39373-4d3d1489a2-44490913,
122,https://www.sciencedaily.com/releases/2020/05/200511092933.htm,http://dx.doi.org/10.1016/j.anbehav.2020.02.011,
123,https://www.futurity.org/longicorn-beetle-cooling-material-2392622/,https://pubs.rsc.org/en/content/articlelanding/2019/sm/c9sm00566h/unauth#!divAbstract,
124,https://www.sciencedaily.com/releases/2020/07/200723172000.htm,http://dx.doi.org/10.1093/beheco/araa068,
125,https://www.sciencedaily.com/releases/2006/10/061024010417.htm,https://www.sciencedirect.com/science/article/pii/S096098220602135X,
126,https://www.sciencedaily.com/releases/2020/02/200226131323.htm,http://dx.doi.org/10.1242/jeb.210807,
127,https://www.sciencedaily.com/releases/2020/07/200717140740.htm,http://dx.doi.org/10.1126/sciadv.abb2307,
128,https://www.sciencedaily.com/releases/2020/10/201019082832.htm,http://dx.doi.org/10.1038/s41598-020-74469-z,
129,https://www.sciencedaily.com/releases/2020/04/200428112522.htm,http://dx.doi.org/10.1038/s41467-020-15522-3,
130,https://www.sciencedaily.com/releases/2020/07/200710212233.htm,http://dx.doi.org/10.1038/s41598-020-67314-w,
131,https://www.sciencedaily.com/releases/2020/08/200821094819.htm,http://dx.doi.org/10.1002/ecy.3129,
132,https://news.missouri.edu/2020/bee-thankful-for-the-evolution-of-pollen/,https://bsapubs.onlinelibrary.wiley.com/doi/abs/10.1002/ajb2.1428,
133,https://www.sciencedaily.com/releases/2020/04/200428112459.htm,http://dx.doi.org/10.1242/jeb.219287,
134,https://www.sciencedaily.com/releases/2020/05/200512134526.htm,http://dx.doi.org/10.1093/beheco/araa027,
135,https://www.sciencedaily.com/releases/2020/07/200717101013.htm,http://dx.doi.org/10.1098/rspb.2020.1147,
136,https://www.sciencedaily.com/releases/2020/05/200512152000.htm,http://dx.doi.org/10.7554/eLife.55195,
137,https://www.sciencealert.com/how-bee-brains-could-help-your-camera-take-better-photos,https://www.pnas.org/content/early/2017/06/26/1703454114.full,
138,https://www.sciencedaily.com/releases/2019/03/190306100639.htm,https://link.springer.com/article/10.1007%2Fs00265-018-2621-4,
139,https://www.sciencedaily.com/releases/2020/06/200617102437.htm,http://dx.doi.org/10.3390/ijms21093355,
140,https://www.theatlantic.com/science/archive/2018/07/the-electric-flight-of-spiders/564437/,https://www.theatlantic.com/science/archive/2018/07/the-electric-flight-of-spiders/564437/,
141,https://www.folio.ca/respiratory-virus-builds-doorbell-to-trick-its-way-into-cells-researchers-find/,https://www.nature.com/articles/s41586-020-2369-7,
142,https://www.sciencedaily.com/releases/2020/06/200601104606.htm,http://dx.doi.org/10.1103/PhysRevLett.124.105302,
143,https://www.sciencedaily.com/releases/2020/07/200714111730.htm,http://dx.doi.org/10.1073/pnas.1907360117,
144,https://www.sciencedaily.com/releases/2020/07/200716220924.htm,http://dx.doi.org/10.1242/jeb.219642,
145,https://www.sciencedaily.com/releases/2020/06/200610093549.htm,http://dx.doi.org/10.1093/aob/mcaa058,
146,https://www.sciencedaily.com/releases/2020/08/200813113157.htm,http://dx.doi.org/10.1016/j.cub.2020.07.046,
147,https://newatlas.com/mussel-byssal-cuticle-bonding/14392/,https://www.nature.com/articles/ncomms14539,
148,https://iopscience.iop.org/article/10.1088/1748-3190/aba2f6,,
149,https://www.sciencedaily.com/releases/2019/05/190508093708.htm,https://royalsocietypublishing.org/doi/10.1098/rsbl.2019.0015,
150,https://www.sciencedaily.com/releases/2019/04/190404143747.htm,https://www.cell.com/cell/fulltext/S0092-8674(19)30291-0?_returnURL=https%3A%2F%2Flinkinghub.elsevier.com%2Fretrieve%2Fpii%2FS0092867419302910%3Fshowall%3Dtrue,
151,https://www.sciencedaily.com/releases/2019/10/191001102207.htm,https://elifesciences.org/articles/47682,
152,https://www.sciencedaily.com/releases/2019/03/190306110651.htm,https://onlinelibrary.wiley.com/doi/abs/10.1111/jav.01972,
153,https://www.sciencedaily.com/releases/2019/04/190404143755.htm,https://onlinelibrary.wiley.com/doi/abs/10.1111/jeb.13446,
154,https://www.sciencedaily.com/releases/2019/04/190429104736.htm,https://academic.oup.com/jxb/article/70/5/1613/5304599,
155,https://www.cambridge.org/core/journals/journal-of-fluid-mechanics/article/wakeinduced-slaloming-response-explains-exquisite-sensitivity-of-seal-whiskerlike-sensors/9F792065FF8161772AC36BD48E057C46,https://www.cambridge.org/core/journals/journal-of-fluid-mechanics/article/abs/wakeinduced-slaloming-response-explains-exquisite-sensitivity-of-seal-whiskerlike-sensors/9F792065FF8161772AC36BD48E057C46,
156,https://www.sciencedaily.com/releases/2019/03/190307131430.htm,https://pubs.acs.org/doi/10.1021/acs.jpclett.8b03719,
157,https://www.sciencedaily.com/releases/2019/03/190305135259.htm,https://www.sciencedirect.com/science/article/abs/pii/S0378775319300291?via%3Dihub,
158,https://www.nytimes.com/2018/03/09/science/hairyflower-wild-petunia-seeds.html,https://royalsocietypublishing.org/doi/full/10.1098/rsif.2017.0901,
159,https://www.sciencedaily.com/releases/2019/02/190208124703.htm,https://royalsocietypublishing.org/doi/10.1098/rsif.2018.0561,
160,https://www.sciencedaily.com/releases/2019/02/190215082348.htm,https://onlinelibrary.wiley.com/doi/abs/10.1111/mec.15022,
161,https://www.cnn.com/2020/07/16/world/metal-eating-bacteria-intl-scli-scn/index.html,https://www.nature.com/articles/s41586-020-2468-5,
162,https://www.sciencedaily.com/releases/2019/04/190429104725.htm,https://www.nature.com/articles/s41467-019-09814-6,
163,https://www.nationalgeographic.com/science/phenomena/2015/12/03/how-a-5-ounce-bird-stores-10000-maps-in-its-head/?cmpid=org=ngp::mc=crm-email::src=ngp::cmp=editorial::add=SpecialEdition_Escape_20200820&rid=96877D7AAC6AA2F15A5EB9717539FCDD,https://www.researchgate.net/publication/227037533_The_central_role_of_Clark's_nutcracker_in_the_dispersal_and_establishment_of_whitebark_pine,
164,https://www.sciencedaily.com/releases/2019/10/191010142111.htm,https://journals.plos.org/plosbiology/article?id=10.1371/journal.pbio.3000427,
165,https://www.sciencedaily.com/releases/2019/04/190404114524.htm,https://journals.plos.org/plosbiology/article?id=10.1371/journal.pbio.3000057,
166,https://www.sciencemag.org/news/2017/11/fly-survives-deadly-lake-encasing-itself-bubble-here-s-how-it-makes-it,https://www.pnas.org/content/114/51/13483,
167,https://www.sciencedaily.com/releases/2019/04/190422100945.htm,https://www.pnas.org/content/116/17/8149,
168,https://www.nature.com/news/2007/071016/full/news.2007.170.html,https://royalsocietypublishing.org/doi/10.1098/rspb.2007.1188,
169,https://www.sciencedaily.com/releases/2019/03/190301160907.htm,https://advances.sciencemag.org/content/5/3/eaau9183,
170,https://www.sciencedaily.com/releases/2019/12/191212104054.htm,https://epubs.siam.org/doi/10.1137/19M1262322,
171,https://www.sciencedaily.com/releases/2019/05/190513132119.htm,https://link.springer.com/article/10.1140%2Fepje%2Fi2019-11812-1,
172,https://www.sciencedaily.com/releases/2015/11/151123103844.htm,https://link.springer.com/article/10.1140/epjst/e2020-900273-x,
173,https://www.nature.com/articles/d41586-020-02482-3,https://pubs.rsc.org/en/content/articlelanding/2020/EE/D0EE01281E#!divAbstract,
174,https://www.bbc.com/future/article/20200825-indonesia-the-plants-that-mine-poisonous-metals,"https://link.springer.com/article/10.1007/s11104-017-3539-8#:~:text=Nickel%20hyperaccumulator%20plants%3A%20Discovery%20and,Hogan%20et%20al.%201983).",
175,https://phys.org/news/2020-06-d-paradise-tree-snake-aerial.html,https://www.nature.com/articles/s41567-020-0935-4,
176,https://www.scientificamerican.com/article/stingers-have-achieved-optimal-pointiness-physicists-show/?utm_source=newsletter&utm_medium=email&utm_campaign=today-in-science&utm_content=link&utm_term=2020-07-06_top-stories&spMailingID=67292434&spUserID=NDQwNjQ3ODAwNzUyS0&spJobID=1920660411&spReportId=MTkyMDY2MDQxMQS2,https://www.nature.com/articles/s41567-020-0930-9,
177,https://www.nsf.gov/discoveries/disc_summ.jsp?cntn_id=300932&WT.mc_id=USNSF_1#.Xzp6TIX7r-A.linkedin,,
178,sciencedaily.com/releases/2020/07/200728113627.htm,https://onlinelibrary.wiley.com/doi/10.1002/esp.4933,https://doi.org/10.1002/esp.4933
179,https://www.popularmechanics.com/science/animals/a33289391/flying-snake-physics/,https://www.nature.com/articles/s41567-020-0935-4?utm_medium=affiliate&utm_source=commission_junction&utm_campaign=3_nsn6445_deeplink_PID100052570&utm_content=deeplink,https://doi.org/10.1038/s41567-020-0935-4
180,https://undark.org/2020/07/22/social-insects-control-disease/,https://www.sciencedirect.com/science/article/pii/S0960982219303331,https://doi.org/10.1016/j.cub.2019.03.035
181,https://www.pnas.org/content/114/22/5624.full,https://www.pnas.org/content/114/22/5624.full,https://doi.org/10.1073/pnas.1620612114
182,sciencedaily.com/releases/2020/06/200610093549.htm,https://academic.oup.com/aob/article/126/3/377/5813485,https://doi.org/10.1093/aob/mcaa058
183,https://science.sciencemag.org/content/368/6491/586?utm_campaign=SciMag,https://science.sciencemag.org/content/368/6491/586?utm_campaign=SciMag,10.1126/science.abb0064
184,https://www.sciencedaily.com/releases/2020/04/200428225421.htm,https://royalsocietypublishing.org/doi/full/10.1098/rspb.2020.0457,https://doi.org/10.1098/rspb.2020.0457
185,https://www.knowablemagazine.org/article/technology/2020/how-owls-fly-without-making-a-sound?utm_source=pocket-newtab,https://www.cambridge.org/core/journals/aeronautical-journal/article/abs/silent-flight-of-owls/590005C546FE1C08EE83E42B474BD881,https://doi.org/10.1017/S0368393100109915
186,https://www.sciencemag.org/news/2017/01/how-slimy-hagfish-ties-itself-knots-and-survives-shark-attacks,https://www.sciencemag.org/news/2017/01/how-slimy-hagfish-ties-itself-knots-and-survives-shark-attacks,doi:10.1126/science.aal0584
187,https://www.sciencedaily.com/releases/2019/02/190225170231.htm,https://www.sciencedirect.com/science/article/pii/S146780391830183X,https://doi.org/10.1016/j.asd.2018.12.004
188,https://www.ucsf.edu/news/2020/08/418241/aeronabs-promise-powerful-inhalable-protection-against-covid-19?fbclid=IwAR2N4b1XG2wWOIhajaMu2W4r3gu5kLOijmJTVdhZn-ioPqhLbx84lXAx7q8,https://www.biorxiv.org/content/10.1101/2020.08.08.238469v1,https://doi.org/10.1101/2020.08.08.238469
189,https://iopscience.iop.org/article/10.1088/1748-3182/7/3/036014/pdf,https://pubmed.ncbi.nlm.nih.gov/22573786/,10.1088/1748-3182/7/3/036014
190,https://getpocket.com/explore/item/the-simple-algorithm-that-ants-use-to-build-bridges?utm_source=pocket-newtab,https://pubmed.ncbi.nlm.nih.gov/28939347/,10.1016/j.jtbi.2017.09.017
191,https://iopscience.iop.org/article/10.1088/1748-3190/aba8ac,https://pubmed.ncbi.nlm.nih.gov/32702672/,10.1088/1748-3190/aba8ac
192,https://royalsocietypublishing.org/doi/10.1098/rspb.2020.1748,https://royalsocietypublishing.org/doi/10.1098/rspb.2020.1748,https://doi.org/10.1098/rspb.2020.1748
193,https://www.sciencedaily.com/releases/2020/10/201028195617.htm,"https://journals.biologists.com/jeb/article/223/20/jeb226654/226037/Remoras-pick-where-they-stick-on-blue-whales#:~:text=Animal%2Dborne%20video%20recordings%20from,the%20surface%20of%20the%20whale.&text=Remoras%20were%20observed%20to%20move,using%20skimming%20and%20sliding%20behaviors.",https://doi.org/10.1242/jeb.226654
194,https://www.sciencedaily.com/releases/2020/10/201028110637.htm,"https://www.sciencedirect.com/science/article/abs/pii/S000334722030289X#:~:text=Discussion,ideal%20for%20their%20body%20size.",10.1016/j.anbehav.2020.09.014
195,https://pubmed.ncbi.nlm.nih.gov/28179395/,https://pubmed.ncbi.nlm.nih.gov/28179395/,10.1152/physrev.00016.2016
196,https://link.springer.com/chapter/10.1007/978-3-211-99749-9_1,"https://pubmed.ncbi.nlm.nih.gov/15490190/#:~:text=Nature%20has%20developed%20a%20stunning,mainly%20rely%20on%20visual%20information.&text=We%20show%20that%20the%20study,sensors%20and%20artificial%20control%20systems.",https://doi.org/10.1007/978-3-211-99749-9_1
197,https://www.newswise.com/articles/jitterbug-roaches-and-robots-shake-it-to-transition-between-movements-in-tricky-terrain?sc=sphr&xy=10017257,https://www.pnas.org/content/117/26/14987.short?rss=1,https://doi.org/10.1073/pnas.1918297117
198,https://www.sciencedirect.com/science/article/pii/B9780128167700000204,https://www.sciencedirect.com/science/article/pii/B9780128167700000204,https://doi.org/10.1016/B978-0-12-816770-0.00020-4
199,https://www.newswise.com/articles/nature-s-antifreeze-provides-formula-for-more-durable-concrete?sc=swhr&xy=10017257,https://www.cell.com/cell-reports-physical-science/fulltext/S2666-3864(20)30054-0,https://doi.org/10.1016/j.xcrp.2020.100060
200,https://www.sciencemag.org/news/2020/10/even-car-can-t-kill-beetle-here-s-why?utm_campaign=news_weekly_2020-10-23&et_rid=17351447&et_cid=3530918,https://www.sciencemag.org/news/2020/10/even-car-can-t-kill-beetle-here-s-why?utm_campaign=news_weekly_2020-10-23&et_rid=17351447&et_cid=3530918,10.1126/science.abf3519
201,https://www.newswise.com/articles/off-the-scales-fish-armor-both-tough-and-flexible?sc=swhr&xy=10017257,https://www.cell.com/matter/fulltext/S2590-2385(20)30244-7,https://doi.org/10.1016/j.matt.2020.05.011
202,https://www.sciencedaily.com/releases/2020/10/201029115812.htm,https://www.sciencedirect.com/science/article/abs/pii/S0960982220314184?dgcid=rss_sd_all,https://doi.org/10.1016/j.cub.2020.09.048
203,https://www.sciencedaily.com/releases/2020/10/201029105115.htm,"https://onlinelibrary.wiley.com/doi/abs/10.1002/jez.b.22988#:~:text=The%20Pach%C3%B3n%20population%20of%20cavefish,between%20surface%20and%20cave%20populations.",https://doi.org/10.1002/jez.b.22988
204,https://www.sciencedaily.com/releases/2020/10/201029142025.htm,https://pubmed.ncbi.nlm.nih.gov/33125889/,10.1016/j.cell.2020.09.008
205,https://phys.org/news/2020-11-technique-reveals-deeper-insights-makeup.html,https://www.semanticscholar.org/paper/Nacre-toughening-due-to-cooperative-plastic-of-of-Loh-Divoux/1d84ee55ec49472583472ac2048b29d382a45d30,10.1038/s43246-020-00078-y
206,https://www.sciencedaily.com/releases/2020/11/201103115652.htm,https://www.nature.com/articles/s41598-020-73900-9,https://doi.org/10.1038/s41598-020-73900-9
207,https://www.sciencedaily.com/releases/2020/11/201125114354.htm,"https://www.pnas.org/content/117/49/31088#:~:text=The%20enzymatically%20active%20proteins%2C%20silicateins,the%20morphogenesis%20of%20the%20spicules.&text=Ultimately%2C%20we%20describe%20a%20naturally,crystalline%20assembly%20at%20atomic%20resolution.",https://doi.org/10.1073/pnas.2019140117
208,https://www.sciencedaily.com/releases/2020/11/201125114354.htm,https://pubmed.ncbi.nlm.nih.gov/33109718/,10.1073/pnas.2013250117
209,https://www.sciencedaily.com/releases/2020/11/201121104309.htm,https://www.semanticscholar.org/paper/High-capacity-auditory-memory-for-vocal-in-a-social-Yu-Wood/a352f14d563e48b733f2e501b38274e7ecd774a0,10.1126/sciadv.abe0440
210,https://pubs.rsc.org/en/content/articlelanding/2020/na/d0na00445f#!divAbstract,https://pubs.rsc.org/en/content/articlelanding/2020/na/d0na00445f#!divAbstract,https://doi.org/10.1039/D0NA00445F
211,https://www.sciencedirect.com/science/article/pii/S0378778819337946,https://www.sciencedirect.com/science/article/abs/pii/S0378778819337946,https://doi.org/10.1016/j.enbuild.2020.110313
212,https://facultyweb.cortland.edu/fitzgerald/VibrationalCommunication.html,https://onlinelibrary.wiley.com/doi/abs/10.1111/j.1365-3032.2008.00627.x,https://doi.org/10.1111/j.1365-3032.2008.00627.x
213,https://www.pnas.org/content/109/46/18674,https://www.pnas.org/content/109/46/18674,https://doi.org/10.1073/pnas.1213331109
214,https://pubs.rsc.org/en/content/articlelanding/2020/fd/d0fd00034e/unauth#!divAbstract,https://pubs.rsc.org/en/content/articlelanding/2020/fd/d0fd00034e/unauth#!divAbstract,https://doi.org/10.1039/D0FD00034E
215,https://link.springer.com/article/10.1663/0006-8101(2007)73[290:ADAMLR]2.0.CO;2,https://link.springer.com/article/10.1663/0006-8101(2007)73[290:ADAMLR]2.0.CO;2,https://doi.org/10.1663/0006-8101(2007)73[290:ADAMLR]2.0.CO;2
216,https://www.sciencedaily.com/releases/2020/11/201113075237.htm,https://pubmed.ncbi.nlm.nih.gov/33179498/,10.1021/acs.nanolett.0c03618
217,https://www.newswise.com/articles/the-machine-inside-a-catfish-s-catch?sc=swhr&xy=10017257,https://academic.oup.com/iob/article/2/1/obaa031/5962090,https://doi.org/10.1093/iob/obaa031
218,https://royalsocietypublishing.org/doi/full/10.1098/rsif.2014.1294,https://royalsocietypublishing.org/doi/full/10.1098/rsif.2014.1294,https://doi.org/10.1098/rsif.2014.1294
219,https://www.cell.com/joule/fulltext/S2542-4351(20)30449-9,https://www.cell.com/joule/fulltext/S2542-4351(20)30449-9,https://doi.org/10.1016/j.joule.2020.09.013
220,https://jeb.biologists.org/content/221/20/jeb178905.article-info,https://journals.biologists.com/jeb/article/221/20/jeb178905/19667/Mammals-repel-mosquitoes-with-their-tails,https://doi.org/10.1242/jeb.178905
221,https://journals.plos.org/plosone/article?id=10.1371/journal.pone.0242668,https://journals.plos.org/plosone/article?id=10.1371/journal.pone.0242668,https://doi.org/10.1371/journal.pone.0242668
222,https://www.sciencedaily.com/releases/2020/12/201218094510.htm,https://www.pnas.org/content/117/52/32891,https://doi.org/10.1073/pnas.2009044117
223,https://royalsocietypublishing.org/doi/10.1098/rspb.2020.1517,https://royalsocietypublishing.org/doi/10.1098/rspb.2020.1517,https://doi.org/10.1098/rspb.2020.1517
224,https://www.researchgate.net/profile/Stephen_Bates/publication/327543450_Marine_Biominerals_with_a_Biotechnological_Future/links/5ee276a7a6fdcc73be7173fc/Marine-Biominerals-with-a-Biotechnological-Future.pdf,https://onlinelibrary.wiley.com/doi/abs/10.1002/9783527801718.ch27,https://doi.org/10.1002/9783527801718.ch27
225,https://www.sciencedaily.com/releases/2021/01/210104131942.htm,https://www.nature.com/articles/s41567-020-01069-z,https://doi.org/10.1038/s41567-020-01069-z
226,https://www.sciencedaily.com/releases/2021/01/210109152432.htm,https://www.nature.com/articles/s41396-020-00845-2,https://doi.org/10.1038/s41396-020-00845-2
227,https://www.sciencedaily.com/releases/2021/01/210109152424.htm,https://www.researchgate.net/publication/348346545_DNA_Origami_Design_A_How-To_Tutorial,10.6028/jres.126.001
228,https://www.sciencedaily.com/releases/2021/01/210108142145.htm,https://pubmed.ncbi.nlm.nih.gov/33370422/,10.1371/journal.ppat.1009146
229,https://www.sciencedaily.com/releases/2021/01/210108123440.htm,https://royalsocietypublishing.org/doi/10.1098/rspb.2020.2494,10.1098/rspb.2020.2494
230,https://www.sciencedaily.com/releases/2021/01/210108120100.htm,https://pubmed.ncbi.nlm.nih.gov/33324382/,10.3389/fmicb.2020.600463
231,https://www.sciencedaily.com/releases/2021/01/210111135904.htm,https://science.sciencemag.org/content/371/6524/86,10.1126/science.abd8700
232,https://www.sciencedaily.com/releases/2021/01/210111112153.htm,https://www.sciencedirect.com/science/article/pii/S0960982220317632,10.1016/j.cub.2020.11.050
233,https://royalsocietypublishing.org/doi/full/10.1098/rspb.2020.2494,https://royalsocietypublishing.org/doi/full/10.1098/rspb.2020.2494,https://doi.org/10.1098/rspb.2020.2494
234,https://www.sciencedaily.com/releases/2021/01/210113132411.htm,https://pubmed.ncbi.nlm.nih.gov/33296597/,10.1021/acschemneuro.0c00685
235,https://www.sciencedaily.com/releases/2021/01/210113090934.htm,https://pubmed.ncbi.nlm.nih.gov/33441828/,10.1038/s41598-020-80323-z
236,https://www.sciencedaily.com/releases/2021/01/210114163933.htm,https://pubmed.ncbi.nlm.nih.gov/33446550/,10.1126/science.abe4713
237,https://www.sciencedaily.com/releases/2021/01/210114163927.htm,https://onlinelibrary.wiley.com/doi/full/10.1002/ece3.7121,10.1002/ece3.7121
238,https://www.sciencedaily.com/releases/2021/01/210114163851.htm,https://pubmed.ncbi.nlm.nih.gov/33431675/,10.1073/pnas.201444211
239,https://www.newswise.com/articles/snakes-evolve-a-magnetic-way-to-be-resistant-to-venom?sc=swhn,https://royalsocietypublishing.org/doi/10.1098/rspb.2020.2703,https://doi.org/10.1098/rspb.2020.2703
240,https://www.cambridge.org/core/blog/2020/11/05/watch-how-do-birds-fly-in-strong-winds/,https://www.pnas.org/content/116/30/15033.short,https://doi.org/10.1073/pnas.1903422116
241,https://www.sciencedaily.com/releases/2021/01/210115091359.htm,https://pubmed.ncbi.nlm.nih.gov/33434458/,10.1098/rspb.2020.2703
242,https://www.sciencedaily.com/releases/2021/01/210115155338.htm,https://www.semanticscholar.org/paper/Nocturnal-visual-displays-and-call-description-of-Brunner-Guayasamin/a24431fd8aa85447157209bb2333dd893f02f9a0,10.1163/1568539X-bja10048
243,https://www.sciencedaily.com/releases/2021/01/210115135300.htm,https://pubmed.ncbi.nlm.nih.gov/33453153/,10.1016/j.cell.2020.12.011
244,https://www.sciencedaily.com/releases/2021/01/210121132059.htm,"https://royalsocietypublishing.org/doi/10.1098/rsif.2020.0854#:~:text=We%20further%20show%20that%20flexible,for%20their%20unique%20wing%20morphology.",10.1098/rsif.2020.0854
245,https://www.sciencedaily.com/releases/2021/01/210121132014.htm,https://www.journals.uchicago.edu/doi/abs/10.1086/712602,10.1086/712602
246,https://theconversation.com/beetle-parents-manipulate-information-broadcast-from-bacteria-in-a-rotting-corpse-151447?utm_medium=email&utm_campaign=Daily%20Newsletter%201262021&utm_content=Daily%20Newsletter%201262021+CID_f3d02c307f608e581dd5af65f99e23c9&utm_source=campaign_monitor_us&utm_term=Beetle%20parents%20manipulate%20information%20broadcast%20from%20bacteria%20in%20a%20rotting%20corpse,https://www.journals.uchicago.edu/doi/10.1086/712602,https://doi.org/10.1086/712602
247,https://science.sciencemag.org/content/371/6528/478.1/tab-pdf,https://science.sciencemag.org/content/371/6528/478.1/tab-pdf,10.1126/science.371.6528.478-a
248,https://pubs.acs.org/doi/pdf/10.1021/acs.chemrev.7b00168,https://pubs.acs.org/doi/10.1021/acs.chemrev.7b00168,10.1021/acs.chemrev.7b00168
249,https://theconversation.com/to-make-less-harmful-road-salts-were-studying-natural-antifreezes-produced-by-fish-153087,https://www.sciencedirect.com/science/article/abs/pii/S0022191004000022?via%3Dihub,https://doi.org/10.1016/j.jinsphys.2003.12.003
250,https://news.cornell.edu/stories/2021/01/gut-microbes-plant-eating-ants-help-build-tougher-armor,https://www.nature.com/articles/s41467-021-21065-y,https://doi.org/10.1038/s41467-021-21065-y
251,https://www.sciencedaily.com/releases/2021/02/210202113815.htm,https://www.nature.com/articles/s41598-021-81114-w,10.1038/s41598-021-81114-w
252,https://arc.aiaa.org/doi/abs/10.2514/6.2021-0848,https://arc.aiaa.org/doi/abs/10.2514/6.2021-0848,https://doi.org/10.2514/6.2021-0848
253,https://www.smithsonianmag.com/science-nature/invasive-brown-tree-snakes-stun-scientists-amazing-new-climbing-tactic-180976728/,https://www.cell.com/current-biology/fulltext/S0960-9822(20)31763-2,https://doi.org/10.1016/j.cub.2020.11.050
254,https://journals.plos.org/plosone/article?id=10.1371/journal.pone.0221287,https://journals.plos.org/plosone/article?id=10.1371/journal.pone.0221287,https://doi.org/10.1371/journal.pone.0221287
255,https://www.sciencedaily.com/releases/2021/02/210208100531.htm,https://pubmed.ncbi.nlm.nih.gov/33341977/,10.1111/nph.17156
256,https://www.sciencedaily.com/releases/2021/02/210208114240.htm,https://royalsocietypublishing.org/doi/10.1098/rstb.2019.0753,https://doi.org/10.1098/rstb.2019.0753
257,https://www.sciencedaily.com/releases/2021/02/210209204139.htm,https://royalsocietypublishing.org/doi/full/10.1098/rspb.2020.2676,10.1098/rspb.2020.2676
258,https://www.emerald.com/insight/content/doi/10.1108/RJTA-16-03-2012-B009/full/html,https://www.semanticscholar.org/paper/An-Investigation-on-Surface-Characteristics-of-Hair-Hong-jie-Zhen/4155659bf6cd0f39a56aeb1eea75c582f6f00663,https://doi.org/10.1108/RJTA-16-03-2012-B009
259,https://septentrio.uit.no/index.php/rangifer/article/view/659,https://septentrio.uit.no/index.php/rangifer/article/view/659,https://doi.org/10.7557/2.6.2.659
260,https://www.sciencedaily.com/releases/2021/02/210212094110.htm,https://www.nature.com/articles/s41598-021-83342-6,10.1038/s41598-021-83342-6
261,https://www.sciencedaily.com/releases/2021/02/210212111917.htm,https://pubmed.ncbi.nlm.nih.gov/33581072/,10.1016/j.cub.2021.01.051
262,https://www.sciencedaily.com/releases/2021/02/210215092430.htm,https://onlinelibrary.wiley.com/doi/full/10.1111/ecog.05376,10.1111/ecog.05376
263,https://www.sciencedaily.com/releases/2021/02/210215092424.htm,https://www.nature.com/articles/s41598-021-83354-2,10.1038/s41598-021-83354-2
264,https://www.sciencedaily.com/releases/2021/02/210215131224.htm,https://www.nature.com/articles/s41559-020-01382-z,10.1038/s41559-020-01382-z
265,https://www.scientificamerican.com/article/snakes-flexible-heat-sensing-organs-explained/,https://www.cell.com/matter/fulltext/S2590-2385(20)30521-X,https://doi.org/10.1016/j.matt.2020.09.023
266,https://www.scientificamerican.com/article/this-flower-is-really-a-fungus-in-disguise/,https://www.sciencedirect.com/science/article/abs/pii/S1087184520301572,https://doi.org/10.1016/j.fgb.2020.103466
267,https://www.sciencedaily.com/releases/2021/02/210218094534.htm,https://pubmed.ncbi.nlm.nih.gov/33373718/,10.1016/j.jprot.2020.104083
268,https://www.sciencedaily.com/releases/2021/02/210223121643.htm,https://www.pnas.org/content/118/10/e2007815118,10.1073/pnas.2007815118
269,https://www.sciencedaily.com/releases/2021/02/210223110500.htm,https://academic.oup.com/conphys/article/9/1/coaa120/6102284,10.1093/conphys/coaa120
270,https://www.sciencedaily.com/releases/2021/02/210224120355.htm,https://pubmed.ncbi.nlm.nih.gov/33709750/,10.1103/PhysRevLett.126.088003
271,https://www.sciencedaily.com/releases/2021/02/210226103816.htm,https://pubmed.ncbi.nlm.nih.gov/33633138/,10.1038/s41598-021-83961-z
272,https://www.pv-magazine.com/2021/02/09/novel-algorithm-for-integrating-solar-wind-hydrogen/,https://www.sciencedirect.com/science/article/pii/S1110016820305457#!,https://doi.org/10.1016/j.aej.2020.10.027
273,https://www.sciencedaily.com/releases/2021/03/210302150116.htm,https://pubmed.ncbi.nlm.nih.gov/33504818/,10.1038/s41598-021-81421-2
274,https://www.sciencedaily.com/releases/2021/03/210302075417.htm,https://www.nature.com/articles/s41467-021-21179-3,10.1038/s41467-021-21179-3
275,https://www.sciencedaily.com/releases/2021/03/210302212001.htm,https://pubmed.ncbi.nlm.nih.gov/33653135/,10.1098/rspb.2020.3161
276,https://www.sciencedaily.com/releases/2021/03/210302212004.htm,https://royalsocietypublishing.org/doi/10.1098/rsbl.2020.0892,10.1098/rsbl.2020.0892
277,https://www.sciencedirect.com/science/article/pii/S0960982221001135,https://www.sciencedirect.com/science/article/pii/S0960982221001135,https://doi.org/10.1016/j.cub.2021.01.048
278,https://www.sciencedaily.com/releases/2021/03/210304145430.htm,"https://www.sciencedirect.com/science/article/pii/S0960982221001135#:~:text=Previous%20studies%20of%20auditory%20masking,recognition%2C%20and%20discrimination%20in%20noise.",10.1016/j.cub.2021.01.048
279,https://massivesci.com/articles/snakes-predation-camouflage-evolution/?utm_source=drip&utm_medium=email&utm_campaign=Clever+creatures+%28Weekend+Reads+08-07-20%29&utm_content=Strange+and+clever+animals,https://www.sciencedirect.com/science/article/abs/pii/S0003347220300956?via%3Dihub,https://doi.org/10.1016/j.anbehav.2020.04.005
280,https://www.sciencedaily.com/releases/2021/03/210308111922.htm,https://www.sciencedirect.com/science/article/abs/pii/S0960982221000476,10.1016/j.cub.2021.01.014
281,https://www.sciencedaily.com/releases/2021/03/210308131728.htm,https://www.semanticscholar.org/paper/Reflectin-needs-its-intensity-amplifier%3A-Realizing-Morse-Taxon/2d72b1c73d640c4428ec8e4e223b5499ef7da521,10.1063/5.0026546
282,https://www.sciencedaily.com/releases/2021/03/210309153830.htm,https://journals.asm.org/doi/full/10.1128/mBio.03637-20,10.1128/mBio.03637-20
283,https://www.sciencedaily.com/releases/2021/03/210311185936.htm,"https://royalsocietypublishing.org/doi/10.1098/rspb.2020.3052#:~:text=Our%20results%20suggest%20that%20being,convergence%20driven%20by%20predator%20selection.",10.1098/rspb.2020.3052
284,https://www.witpress.com/Secure/elibrary/papers/DN06/DN06002FU1.pdf,https://www.semanticscholar.org/paper/A-Graphic-Way-For-Notch-Shape-Optimization-Mattheck-S%C3%B6rensen/a8552ef1f90f8a8f696b517cd78c07bf91a66eaf,10.2495/DN060021
285,https://techxplore.com/news/2021-01-bio-inspired-robotics-dragonflies.html,https://www.semanticscholar.org/paper/A-controllable-dual-catapult-system-inspired-by-the-B%C3%BCsse-Koehnsen/abf57675596914d48181ab841a6d96667e87144f,10.1126/scirobotics.abc8170
286,https://advance.science.sfu.ca/publications/browserecord.php?-action=browse&-recid=22108,https://journals.plos.org/plosone/article?id=10.1371/journal.pone.0228988,https://doi.org/10.1371/journal.pone.0228988
287,https://www.sciencedaily.com/releases/2020/05/200508145321.htm,"https://royalsocietypublishing.org/doi/10.1098/rspb.2020.0123#:~:text=Sideways%20wall%2Drunning%20geckos%20realigned,was%20not%20compromised%2C%20but%20redistributed.&text=Geckos%20increase%20their%20effectiveness%20of,control%20afforded%20by%20multiple%20toes.",10.1098/rspb.2020.0123
288,https://news.yale.edu/2019/03/13/how-run-rough-terrain-guide-humans-and-robots?utm_source=YNemail&utm_medium=email&utm_campaign=yn-03-14-19,https://royalsocietypublishing.org/doi/10.1098/rsos.181729,https://doi.org/10.1098/rsos.181729
289,https://www.sciencedaily.com/releases/2019/03/190307161919.htm,https://link.springer.com/article/10.1140/epje/s10189-021-00099-6,
290,https://www.sciencedaily.com/releases/2021/04/210419084256.htm,https://esajournals.onlinelibrary.wiley.com/doi/full/10.1002/ecy.3359,10.1002/ecy.3359
291,https://www.sciencedaily.com/releases/2021/04/210420160909.htm,https://www.semanticscholar.org/paper/Total-Synthesis-and-Target-Identification-of-the-Cui-Dwyer/42e9d0e52d28e569661023a667fe2fe8bfbab261,10.1021/jacs.1c00557
292,https://www.popsci.com/snails-teeth-have-just-dethroned-spiders-silk-strongest-biological-material/,https://royalsocietypublishing.org/doi/10.1098/rsif.2014.1326,https://doi.org/10.1098/rsif.2014.1326
293,https://jacobsschool.ucsd.edu/news/release/3261,https://movementecologyjournal.biomedcentral.com/articles/10.1186/s40462-021-00247-9,https://doi.org/10.1186/s40462-021-00247-9
294,https://www.sciencedaily.com/releases/2021/05/210506142036.htm,https://pubmed.ncbi.nlm.nih.gov/33961785/,10.1016/j.cub.2021.03.103
295,https://www.sciencedaily.com/releases/2021/05/210513124011.htm,https://pubmed.ncbi.nlm.nih.gov/33984265/,10.1016/j.cub.2021.04.040
296,https://www.sciencedirect.com/science/article/abs/pii/S1742706114001317,https://www.sciencedirect.com/science/article/abs/pii/S1742706114001317,https://doi.org/10.1016/j.actbio.2014.03.020
297,https://royalsocietypublishing.org/doi/full/10.1098/rsif.2014.0321,https://royalsocietypublishing.org/doi/full/10.1098/rsif.2014.0321,https://doi.org/10.1098/rsif.2014.0321
298,https://phys.org/news/2021-05-duetting-songbirds-mute-musical-mind.html,www.pnas.org/cgi/doi/10.1073/pnas.2018188118,https://doi.org/10.1073/pnas.2018188118
299,https://www.sciencedaily.com/releases/2021/05/210514134205.htm,https://www.sciencedirect.com/science/article/pii/S2666634021001537,10.1016/j.medj.2021.04.004
300,https://www.sciencedaily.com/releases/2021/05/210527155402.htm,https://pubmed.ncbi.nlm.nih.gov/33932298/,10.1111/nph.17444
301,https://www.sciencedaily.com/releases/2021/06/210610135548.htm,https://www.pnas.org/content/118/23/e2024329118/tab-article-info,10.1073/pnas.2024329118
302,https://pubmed.ncbi.nlm.nih.gov/31446115/,https://pubmed.ncbi.nlm.nih.gov/31446115/,10.1016/j.bone.2019.115046
303,https://www.sciencedaily.com/releases/2021/06/210622123215.htm,https://journals.biologists.com/jeb/article/224/12/jeb240861/269242/Bumblebees-can-detect-floral-humidity,10.1242/jeb.240861
304,https://www.sciencedaily.com/releases/2021/07/210709193517.htm,https://science.sciencemag.org/content/373/6551/223,10.1126/science.abf4557
305,https://www.sciencedaily.com/releases/2021/07/210709104215.htm,https://www.nature.com/articles/s41598-021-93808-2,10.1038/s41598-021-93808-2
306,,http://connection.ebscohost.com/c/articles/9008131036/antifreeze-bees,
307,,http://dx.doi.org/10.1126/science.1188761,
308,,http://www.plantphysiol.org/content/153/4/1630,
309,,https://academic.oup.com/icb/article/56/4/500/2198431,
310,,https://acsess.onlinelibrary.wiley.com/doi/abs/10.2136/sssaj2009.0313,
311,,https://aem.asm.org/content/75/21/6635,
312,,https://aslopubs.onlinelibrary.wiley.com/doi/abs/10.4319/lo.2011.56.4.1310,
313,,https://besjournals.onlinelibrary.wiley.com/doi/full/10.1111/j.1365-2435.2011.01890.x,
314,,https://besjournals.onlinelibrary.wiley.com/doi/full/10.1111/j.1365-2745.2009.01601.x,
315,,https://bmcevolbiol.biomedcentral.com/articles/10.1186/1471-2148-10-214,
316,,https://jeb.biologists.org/content/207/18/3131,
317,,https://jeb.biologists.org/content/210/15/2593,
318,,https://link.springer.com/article/10.1007%2FBF00610241,
319,,https://link.springer.com/article/10.1007%2FBF00610867,
320,,https://link.springer.com/article/10.1007%2FBF01049065,
321,,https://link.springer.com/article/10.1007%2Fs00226-005-0065-2,
322,,https://link.springer.com/article/10.1007%2Fs00442-012-2575-6,
323,,https://link.springer.com/article/10.1007/s00227-001-0710-8,
324,,https://link.springer.com/article/10.1007/s004420050198,
325,,https://link.springer.com/article/10.1007/s12600-010-0087-7,
326,,https://link.springer.com/article/10.1016/S1672-6529(10)60252-1,
327,,https://nph.onlinelibrary.wiley.com/doi/full/10.1046/j.0028-646X.2001.00299.x,
328,,https://onlinelibrary.wiley.com/doi/abs/10.1002/%28SICI%291097-4687%28199710%29234%3A1%3C1%3A%3AAID-JMOR1%3E3.0.CO%3B2-I,
329,,https://onlinelibrary.wiley.com/doi/abs/10.1002/adem.201080065,
330,,https://onlinelibrary.wiley.com/doi/abs/10.1002/adma.200801256,
331,,https://onlinelibrary.wiley.com/doi/abs/10.1111/j.1365-2915.2005.00577.x,
332,,https://onlinelibrary.wiley.com/doi/abs/10.1111/j.1461-0248.2010.01501.x,
333,,https://onlinelibrary.wiley.com/doi/abs/10.1111/j.1748-7692.1998.tb00716.x,
334,,https://onlinelibrary.wiley.com/doi/abs/10.1111/j.1748-7692.1998.tb00717.x,
335,,https://onlinelibrary.wiley.com/doi/full/10.1002/yea.1148,
336,,https://portlandpress.com/biochemj/article/356/2/503/39283/Novel-barnacle-underwater-adhesive-protein-is-a,
337,,https://pubmed.ncbi.nlm.nih.gov/11060219/,
338,,https://pubmed.ncbi.nlm.nih.gov/15697629/,
339,,https://pubmed.ncbi.nlm.nih.gov/16347678/,
340,,https://pubmed.ncbi.nlm.nih.gov/16944346/,
341,,https://pubmed.ncbi.nlm.nih.gov/30460539/,
342,,https://pubmed.ncbi.nlm.nih.gov/9450976/,
343,,https://pubs.acs.org/doi/10.1021/ja104996y,
344,,https://pubs.acs.org/doi/10.1021/ja1051632,
345,,https://pubs.rsc.org/en/content/articlelanding/1991/NP/np9910800309#!divAbstract,
346,,https://royalsocietypublishing.org/doi/full/10.1098/rspb.2010.1739 ,
347,,https://science.sciencemag.org/content/293/5527/102,
348,,https://www.annualreviews.org/doi/10.1146/annurev-biochem-062608-103436,
349,,https://www.annualreviews.org/doi/abs/10.1146/annurev.micro.51.1.527,
350,,https://www.cell.com/biophysj/fulltext/S0006-3495(09)02408-4,
351,,https://www.cell.com/cell/fulltext/S0092-8674(06)00187-5?_returnURL=https%3A%2F%2Flinkinghub.elsevier.com%2Fretrieve%2Fpii%2FS0092867406001875%3Fshowall%3Dtrue,
352,,https://www.fs.usda.gov/treesearch/pubs/37429,
353,,https://www.nature.com/articles/247074a0,
354,,https://www.nature.com/articles/47396,
355,,https://www.nature.com/articles/nature00823,
356,,https://www.nature.com/articles/s41467-020-14547-y,
357,,https://www.ncbi.nlm.nih.gov/pubmed/20412310,
358,,https://www.ncbi.nlm.nih.gov/pubmed/26324094,
359,,https://www.researchgate.net/publication/11401207_Bacterial_Surface_Motility_Slime_Trails_Grappling_Hooks_and_Nozzles,
360,,https://www.researchgate.net/publication/230737954_Elements_of_beaked_whale_anatomy_and_diving_physiology_and_some_hypothetical_causes_of_sonar-related_stranding,
361,,https://www.researchgate.net/publication/239919503_Characteristics_and_Impacts_of_Annual_vs_Perennial_Systems,
362,,https://www.researchgate.net/publication/273142268_A_new_study_on_the_structure_and_function_of_the_adhesive_organs_of_the_Old_World_sucker-footed_bat_Myzopoda_Myzopodidae_of_Madagascar,
363,,https://www.researchgate.net/publication/46254430_Mycorrhizal_networks_counteract_competitive_effects_of_canopy_trees_on_seedling_survival,
364,,https://www.sciencedirect.com/science/article/abs/pii/0041010194903905,
365,,https://www.sciencedirect.com/science/article/pii/S0300944006002657,
366,,https://www.sciencedirect.com/science/article/pii/S1095643306000511,
367,,https://www.semanticscholar.org/paper/Advanced-fullerene-type-texture-and-further-of-the-Kaupp/da2ca1fbd3e39ab7c459d6d3963d64877644ce54,
368,,https://www.semanticscholar.org/paper/FEEDING-BEHAVIOR-OF-THE-HUMPBACK-WHALE%2C-MEGAPTERA-Hain-Carter/c3025f98714df5d1d43d93e2743ac4154d5d262f,
369,,https://www.semanticscholar.org/paper/Reduction-of-Wind-and-Swell-Waves-by-Mangroves-McIvor-M%C3%B6ller/6517417f3f1c12190352fce8785c43b85f5784de,
370,,https://www.semanticscholar.org/paper/The-Effects-of-Bushfire-on-Victorian-Epiphytic-and-Adams-Lawson/ba52f539b77f753cabee7530a6e3343b90299b5d#paper-header,
371,,https://www.semanticscholar.org/paper/Theoretical-and-experimental-studies-of-energy-from-Wathen-Mitchell/6cc396489942e6958d605e734b379b59c0cc7865,
372,,https://zslpublications.onlinelibrary.wiley.com/doi/abs/10.1111/j.1469-7998.1973.tb04553.x,
373,https://www.sciencedaily.com/releases/2020/04/200408151231.htm,https://elifesciences.org/articles/52187,10.7554/eLife.52187
374,https://www.sciencealert.com/how-bee-brains-could-help-your-camera-take-better-photos,https://www.pnas.org/content/early/2017/06/26/1703454114.full,10.1073/pnas.1703454114
375,https://www.sciencedaily.com/releases/2019/02/190208115304.htm,https://link.springer.com/article/10.1007%2Fs00359-018-01313-1,10.1007/s00359-018-01313-1
376,https://www.sciencedaily.com/releases/2019/03/190306152406.htm,https://www.nature.com/articles/s41467-019-08891-x,10.1038/s41467-019-08891-x
377,https://phys.org/news/2018-09-colour-generation-mechanism-rainbow-weevil.html,https://onlinelibrary.wiley.com/doi/abs/10.1002/smll.201802328,10.1002/smll.201802328
378,https://www.sciencedaily.com/releases/2020/03/200310124715.htm,https://www.nature.com/articles/s41467-020-15033-1,10.1038/s41467-020-15033-1
379,https://www.uni-kiel.de/pressemeldungen/index.php?pmid=2017-257-libellen&lang=en&pr=1,https://www.sciencedirect.com/science/article/abs/pii/S1742706117304695?via%3Dihub,10.1016/j.actbio.2017.07.034
380,https://scripps.ucsd.edu/news/new-study-reveals-whats-behind-tarantulas-blue-hue,https://advances.sciencemag.org/content/1/10/e1500709,10.1126/sciadv.1500709 
381,https://3dprintingindustry.com/news/3d-printed-biomimicry-of-bone-yields-important-discovery-for-lightweight-and-durable-engineering-166245/,https://www.pnas.org/content/116/49/24457.short?rss=1,10.1073/pnas.1905814116
382,https://www.sgorb.zoologie.uni-kiel.de/?page_id=337,https://royalsocietypublishing.org/doi/10.1098/rsif.2018.0692,10.1098/rsif.2018.0692
383,https://phys.org/news/2020-06-soft-ion-conducting-hydrogel-artificial-tongue.html,https://phys.org/news/2020-06-soft-ion-conducting-hydrogel-artificial-tongue.html,10.1126/sciadv.aba5785
384,https://www.sciencedaily.com/releases/2020/06/200609111050.htm,https://aslopubs.onlinelibrary.wiley.com/doi/full/10.1002/lno.11474,10.1002/lno.11474
385,https://www.sciencedaily.com/releases/2020/06/200603132514.htm,https://www.nature.com/articles/s41586-020-2369-7,10.1038/s41586-020-2369-7
386,https://www.sciencedaily.com/releases/2020/06/200604111641.htm,https://msystems.asm.org/content/5/3/e00077-20,10.1128/mSystems.00077-20 
387,https://www.sciencedaily.com/releases/2020/06/200605132429.htm,https://www.nature.com/articles/s41467-020-16600-2,10.1038/s41467-020-16600-2
388,https://www.sciencedaily.com/releases/2020/06/200603132541.htm,https://pubmed.ncbi.nlm.nih.gov/32497502/,10.1016/j.cell.2020.05.005 
389,https://www.sciencedaily.com/releases/2020/06/200603100514.htm,https://www.nature.com/articles/s41467-020-16576-z,10.1038/s41467-020-16576-z
390,https://www.sciencedaily.com/releases/2020/06/200601072957.htm,https://www.nature.com/articles/s41467-020-16578-x,10.1038/s41467-020-16578-x
391,https://www.scientificamerican.com/article/bumblebees-bite-plants-to-force-them-to-flower-seriously/,https://science.sciencemag.org/content/368/6493/881,10.1126/science.aay0496
392,https://news.missouri.edu/2020/bee-thankful-for-the-evolution-of-pollen/,https://bsapubs.onlinelibrary.wiley.com/doi/abs/10.1002/ajb2.1428,10.1002/ajb2.1428
393,https://www.theatlantic.com/science/archive/2018/07/the-electric-flight-of-spiders/564437/,https://www.cell.com/current-biology/fulltext/S0960-9822(18)30693-6?_returnURL=https%3A%2F%2Flinkinghub.elsevier.com%2Fretrieve%2Fpii%2FS0960982218306936%3Fshowall%3Dtrue,10.1016/j.cub.2018.05.057
394,https://www.sciencedaily.com/releases/2020/04/200428093506.htm,https://www.cell.com/cell-systems/fulltext/S2405-4712(20)30116-2?_returnURL=https%3A%2F%2Flinkinghub.elsevier.com%2Fretrieve%2Fpii%2FS2405471220301162%3Fshowall%3Dtrue,10.1016/j.cels.2020.04.002
395,https://www.sciencedaily.com/releases/2020/04/200414084307.htm,https://www.sciencedirect.com/science/article/abs/pii/S0376635719303377?via%3Dihub,10.1016/j.beproc.2020.104118
396,https://www.sciencedaily.com/releases/2020/04/200414122747.htm,https://onlinelibrary.wiley.com/doi/full/10.1002/admi.202000112,10.1002/admi.202000112
397,https://www.sciencedaily.com/releases/2016/06/160601151935.htm,https://www.nature.com/articles/srep26889,10.1038/srep26889
398,https://www.sciencedaily.com/releases/2018/05/180522152123.htm,https://elifesciences.org/articles/34862,10.7554/eLife.34862
399,https://www.sciencedaily.com/releases/2006/10/061024010417.htm,https://www.sciencedirect.com/science/article/pii/S096098220602135X,10.1016/j.cub.2006.08.068
400,https://www.sciencedaily.com/releases/2019/10/191011095910.htm,https://www.nature.com/articles/s41396-019-0494-9,10.1038/s41396-019-0494-9
401,https://www.sciencealert.com/male-dolphins-use-their-individual-names-to-build-complex-social-networks,https://link.springer.com/article/10.1007%2Fs00265-018-2621-4,10.1007/s00265-018-2621-4
402,https://www.sgorb.zoologie.uni-kiel.de/?page_id=337,https://royalsocietypublishing.org/doi/10.1098/rsif.2018.0281,10.1098/rsif.2018.0281
403,https://www.sgorb.zoologie.uni-kiel.de/?page_id=337,https://royalsocietypublishing.org/doi/10.1098/rsif.2018.0246,10.1098/rsif.2018.0246
404,https://www.sgorb.zoologie.uni-kiel.de/?page_id=337,https://royalsocietypublishing.org/doi/10.1098/rsif.2019.0269,10.1098/rsif.2019.0269
405,https://engineering.lehigh.edu/news/article/keith-w-moored-fin-tastic-model,https://royalsocietypublishing.org/doi/10.1098/rsif.2019.0655,10.1098/rsif.2019.0655
406,https://www.sciencedaily.com/releases/2020/02/200225221342.htm,https://royalsocietypublishing.org/doi/10.1098/rsif.2019.0692,10.1098/rsif.2019.0692
407,https://www.sciencedaily.com/releases/2020/02/200225104951.htm,https://zookeys.pensoft.net/article/38348/,10.3897/zookeys.915.38348
408,https://www.sciencedaily.com/releases/2019/08/190830092111.htm,https://www.cell.com/current-biology/fulltext/S0960-9822(19)30879-6?_returnURL=https%3A%2F%2Flinkinghub.elsevier.com%2Fretrieve%2Fpii%2FS0960982219308796%3Fshowall%3Dtrue,10.1016/j.cub.2019.07.034
409,https://www.newscientist.com/article/2131109-ladybirds-transparent-shell-reveals-how-it-folds-its-wings/,https://www.pnas.org/content/114/22/5624,10.1073/pnas.1620612114
410,https://phys.org/news/2017-05-slice-pizza-curvature-fish-fins.html,https://royalsocietypublishing.org/doi/10.1098/rsif.2017.0247,10.1098/rsif.2017.0247
411,https://news.illinois.edu/view/6367/537912,https://pubs.acs.org/doi/abs/10.1021/acsami.7b07060,10.1021/acsami.7b07060
412,https://www.sciencedaily.com/releases/2019/04/190422100945.htm,https://www.pnas.org/content/116/17/8149,10.1073/pnas.1815394116
413,https://www.sciencedaily.com/releases/2019/04/190429104736.htm,https://academic.oup.com/jxb/article/70/5/1613/5304599,10.1093/jxb/erz018
414,https://www.sciencedaily.com/releases/2019/04/190404143747.htm,https://www.cell.com/cell/fulltext/S0092-8674(19)30291-0?_returnURL=https%3A%2F%2Flinkinghub.elsevier.com%2Fretrieve%2Fpii%2FS0092867419302910%3Fshowall%3Dtrue,10.1016/j.cell.2019.03.029
415,https://www.sciencedaily.com/releases/2019/02/190225170231.htm,https://www.sciencedirect.com/science/article/pii/S146780391830183X?via%3Dihub,10.1016/j.asd.2018.12.004
