3HRWUH63R2752ZPX4QWWZVM8LKQ5NR,https://pubmed.ncbi.nlm.nih.gov/18515713/
39RRBHZ0B26GHIIVD5P3YGNG8MZVZ4,https://pubmed.ncbi.nlm.nih.gov/25165133/
31YWE12TF8HP1XHKUPY2VHR2E4V7XS,https://pubmed.ncbi.nlm.nih.gov/16155224/
3566S7OX6LOHBWWRNWDV08N19PG17U,https://pubmed.ncbi.nlm.nih.gov/17766304/
341H3G5YG8J0OHHFA81EDNXQEQMZ0G,https://pubmed.ncbi.nlm.nih.gov/15235006/
3JAOYN9IIT7VKG9J8OOOBKQI27833J,https://pubmed.ncbi.nlm.nih.gov/15073195/
3MJ28H2Y2MDNKKP955W9EKMDBUV5O6,https://pubmed.ncbi.nlm.nih.gov/21147965/
3YGE63DIOG2WUMCAZLH7EJ38XOIW0N,https://pubmed.ncbi.nlm.nih.gov/19617431/
37SDSEDIOH7LBA1AX151E8JWK9M18H,https://pubmed.ncbi.nlm.nih.gov/29361584/
33N1S8XHIUQ0V62X6R5ERSG0JISZ1J,https://pubmed.ncbi.nlm.nih.gov/15914646/
382GHPVPI0WG2CSN82T7LPIOG74344,https://pubmed.ncbi.nlm.nih.gov/20154190/
3K3G488TSADQ5W2PKIOD3PHDQVD5QE,https://pubmed.ncbi.nlm.nih.gov/21075938/
3X2YVV51Q29W1BXSV4L7SOMI2GOW1Q,https://pubmed.ncbi.nlm.nih.gov/19946087/
3JGHED38FLWE127UZLK4EVYBGAP7YY,https://pubmed.ncbi.nlm.nih.gov/25827839/
3TZDZ3Y0K0BLPFKK2TBFE4E74F4196,https://pubmed.ncbi.nlm.nih.gov/17690240/
30UZJB2PPPHYYVWNM7CHQHO2G3Z359,https://pubmed.ncbi.nlm.nih.gov/23619419/
3Y3CZJSZASYQHXHPXXDD8FRIMHF5RF,https://pubmed.ncbi.nlm.nih.gov/15557032/
30ZKOOGW34BZUYUPUZPFAZPRAXM1AL,https://pubmed.ncbi.nlm.nih.gov/14668320/
3P7QK0GJ41Q7KRKTPV5SWBQ5BO6Z20,https://pubmed.ncbi.nlm.nih.gov/12477909/
3SD15I2WEAZUHZW1RQMMIN22CYA36P,https://pubmed.ncbi.nlm.nih.gov/16709906/
3YZ7A3YHSDY2ICH2CMDIYPWE8JY5S3,https://pubmed.ncbi.nlm.nih.gov/23430988/
3JMNNNO3C993QWFOE8LLX7WNUM2W27,https://pubmed.ncbi.nlm.nih.gov/14978063/
311HQEI8S0LE6SHZV7MNS27DM4T7ZP,https://pubmed.ncbi.nlm.nih.gov/15201294/
3UUIU9GZDDA3XCUH1MI88US0A2C5TS,https://pubmed.ncbi.nlm.nih.gov/23447669/
3BFNCI9LZSVDLZA6A0REO12Y79U37O,https://pubmed.ncbi.nlm.nih.gov/20889823/
33BFF6QPJ9GSBEB7I8ZQGH1F002W3I,https://pubmed.ncbi.nlm.nih.gov/27208031/
3P520RYKDPBIXP961R8IDQE2TGJ5UJ,https://pubmed.ncbi.nlm.nih.gov/16651559/
306996CF74P4D8ZH0DPB5A9XSF71BG,https://pubmed.ncbi.nlm.nih.gov/26202776/
39WICJI5B1XW59GCTVJXFLVXH26Z3B,https://pubmed.ncbi.nlm.nih.gov/17114409/
37VUR2VJ7IUNNDRNEDL6GUFFA071CN,https://pubmed.ncbi.nlm.nih.gov/23804671/
386T3MLZMV0L4LGS1I11030MFHG80L,https://pubmed.ncbi.nlm.nih.gov/20952608/
30P8I9JKPQQIA4Y66HIN9CGL7NS5V8,https://pubmed.ncbi.nlm.nih.gov/19112133
3D1UCPY6HOEHLDFPK5JK21YTIT038B,https://pubmed.ncbi.nlm.nih.gov/25568449/
3KVQ0UJWQ5QVPTYBWRNJVEZZEWU5WI,https://pubmed.ncbi.nlm.nih.gov/15498949/
3WGCNLZJLNDXS5X1E9GH00XXV0J1DN,https://pubmed.ncbi.nlm.nih.gov/18375848/
3S37Y8CWJG5DTAUBIM49QMTLE0YW43,https://pubmed.ncbi.nlm.nih.gov/22071189
3QD8LUVX553AET316WJ5XXD6NY05XB,https://pubmed.ncbi.nlm.nih.gov/12682100/
3Z8UJEJOD7IHZIYZPXPY2XT42ZI390,https://pubmed.ncbi.nlm.nih.gov/28082613/
3ZURAPD29GSUQPBX5FB7O00I7DZ1FY,https://pubmed.ncbi.nlm.nih.gov/30464043
36818Z1KWBIV4184H33YYS4O8H03AF,https://pubmed.ncbi.nlm.nih.gov/27489217/
3KVQ0UJWQ5QVPTYBWRNJVEZZEWTW58,https://pubmed.ncbi.nlm.nih.gov/14747417/
3YOAVL4CB8MHN5ZGT9OGPQN3V22Z4W,https://pubmed.ncbi.nlm.nih.gov/16272255/
38VTL6WC5IIZEYTBBS57GBKFP4U5YH,https://pubmed.ncbi.nlm.nih.gov/26944493/
3QGTX7BCIX7ZJO3G7E7QUITHVYY5Z8,https://pubmed.ncbi.nlm.nih.gov/27358472/
3QGTX7BCIX7ZJO3G7E7QUITHVYXZ51,https://pubmed.ncbi.nlm.nih.gov/16354780/
3CESM1J3FQ8R8XYP1AXONKDZAR4W6O,https://pubmed.ncbi.nlm.nih.gov/19043062/
3VDVA3ILJLK04P7SGZHP6L0U8SZ1GX,https://pubmed.ncbi.nlm.nih.gov/19112145/
3IZVJEBJ7IPV2S3UCXHVMO7HRT8Z6H,https://pubmed.ncbi.nlm.nih.gov/16731811/
3EHVO81VODQE4L2305Z7RLCVNSC1HW,https://pubmed.ncbi.nlm.nih.gov/19684211/
36FQTHX30BW0NBDWNH3UT3OUQZL3BA,https://pubmed.ncbi.nlm.nih.gov/15143145/
