press_release,journal_url,doi,is_biomimicry
https://www.sciencedaily.com/releases/2020/07/200710140823.htm,http://dx.doi.org/10.1371/journal.pbio.3000740,,
https://www.smithsonianmag.com/smithsonian-institution/tiny-sea-creatures-invisibility-cloak-possibly-spheres-180960926/,https://www.cell.com/current-biology/fulltext/S0960-9822(16)31084-3,,
https://www.sciencedaily.com/releases/2020/07/200702113731.htm,http://dx.doi.org/10.3390/md18060311,,
https://www.uni-kiel.de/pressemeldungen/index.php?pmid=2017-257-libellen&lang=en&pr=1,https://www.sciencedirect.com/science/article/abs/pii/S1742706117304695?via%3Dihub,,
https://www.sciencedaily.com/releases/2020/04/200429105913.htm,http://dx.doi.org/10.1098/rsos.191989,,
https://www.sciencedaily.com/releases/2020/02/200225104951.htm,https://zookeys.pensoft.net/article/38348/,,
https://www.sciencedaily.com/releases/2020/04/200420105037.htm,http://dx.doi.org/10.1111/ele.13506,,
https://www.sgorb.zoologie.uni-kiel.de/?page_id=337,https://royalsocietypublishing.org/doi/10.1098/rsif.2018.0246,,
,https://academic.oup.com/aob/article/107/2/181/188441,,
https://news.illinois.edu/view/6367/537912,https://pubs.acs.org/doi/abs/10.1021/acsami.7b07060,,
https://www.sciencedaily.com/releases/2020/06/200610094040.htm,http://dx.doi.org/10.1039/D0SC01935F,,
https://www.sciencedaily.com/releases/2020/04/200407150821.htm,https://elifesciences.org/articles/52187,,
<https://qz.com/1465774/pyrosomes-the-unicorn-of-the-sea-wouldnt-exist-without-collaboration/>,https://qz.com/1465774/pyrosomes-the-unicorn-of-the-sea-wouldnt-exist-without-collaboration/,,
https://phys.org/news/2018-09-colour-generation-mechanism-rainbow-weevil.html,https://onlinelibrary.wiley.com/doi/abs/10.1002/smll.201802328,,
https://www.sciencedaily.com/releases/2020/04/200428112546.htm,http://dx.doi.org/10.7554/eLife.52716,,
https://www.sciencedaily.com/releases/2020/07/200702144715.htm,http://dx.doi.org/10.1371/journal.ppat.1008620,,
https://www.sciencedaily.com/releases/2020/07/200729124355.htm,http://dx.doi.org/10.1021/acsnano.9b09941,,
https://www.sciencedaily.com/releases/2020/07/200720102054.htm,http://dx.doi.org/10.1128/AEM.01361-20,,
https://www.sciencedaily.com/releases/2020/10/201021130125.htm,http://dx.doi.org/10.1016/j.matt.2020.09.023,,
https://www.sciencedaily.com/releases/2020/06/200630193211.htm,http://dx.doi.org/10.7554/eLife.55774,,
https://www.nature.com/articles/d41586-020-02255-y,https://onlinelibrary.wiley.com/doi/abs/10.1002/anie.202007885,,
https://www.sciencedaily.com/releases/2020/06/200605132429.htm,https://www.nature.com/articles/s41467-020-16600-2,,
https://www.sciencefriday.com/segments/butterfly-wings-temperature/,https://www.nature.com/articles/s41467-020-14408-8,,
https://www.sciencedaily.com/releases/2020/04/200414122747.htm,https://onlinelibrary.wiley.com/doi/full/10.1002/admi.202000112,,
https://www.nationalgeographic.com/news/2010/12/101228-sea-urchin-teeth-self-sharpening-tools-science-animals/,https://onlinelibrary.wiley.com/doi/abs/10.1002/adfm.201001546,,
https://www.sciencedaily.com/releases/2020/05/200511124449.htm,http://dx.doi.org/10.1126/science.aaz6802,,
https://www.sciencedaily.com/releases/2020/08/200818142147.htm,http://dx.doi.org/10.1016/j.celrep.2020.108028,,
https://www.sciencedaily.com/releases/2020/04/200430113032.htm,http://dx.doi.org/10.1016/j.cub.2020.03.071,,
https://www.sciencedaily.com/releases/2020/06/200603132541.htm,https://www.cell.com/cell/pdf/S0092-8674(20)30567-5.pdf?_returnURL=https%3A%2F%2Flinkinghub.elsevier.com%2Fretrieve%2Fpii%2FS0092867420305675%3Fshowall%3Dtrue,,
https://www.sciencedaily.com/releases/2016/06/160601151935.htm,https://www.nature.com/articles/srep26889,,
https://3dprintingindustry.com/news/3d-printed-biomimicry-of-bone-yields-important-discovery-for-lightweight-and-durable-engineering-166245/,https://www.pnas.org/content/116/49/24457.short?rss=1,,
https://newatlas.com/clingfish-adhesion/37386/,https://jeb.biologists.org/content/217/14/2548,,
https://www.sciencedaily.com/releases/2020/06/200610135103.htm,http://dx.doi.org/10.1002/ejoc.202000459,,
https://www.sciencedaily.com/releases/2020/06/200615115803.htm,http://dx.doi.org/10.1038/s41567-020-0930-9,,
https://www.sciencedaily.com/releases/2020/04/200417114438.htm,http://dx.doi.org/10.1002/adma.201906970,,
https://www.sciencedaily.com/releases/2020/06/200610112055.htm,http://dx.doi.org/10.1088/1748-9326/ab9924,,
https://www.sciencedaily.com/releases/2020/07/200728130831.htm,http://dx.doi.org/10.1116/6.0000199,,
https://www.sciencedaily.com/releases/2020/05/200508083547.htm,http://dx.doi.org/10.1038/s42003-020-0959-4,,
https://www.sciencedaily.com/releases/2020/07/200722112741.htm,http://dx.doi.org/10.1038/s41467-020-17135-2,,
https://www.nytimes.com/2020/07/30/science/anglerfish-immune-rejection.html,https://science.sciencemag.org/content/369/6511/1608,,
https://www.sciencedaily.com/releases/2020/04/200414084307.htm,https://www.sciencedirect.com/science/article/abs/pii/S0376635719303377?via%3Dihub,,
https://www.sciencedaily.com/releases/2020/06/200604111641.htm,https://msystems.asm.org/content/5/3/e00077-20,,
https://phys.org/news/2020-06-soft-ion-conducting-hydrogel-artificial-tongue.html,https://phys.org/news/2020-06-soft-ion-conducting-hydrogel-artificial-tongue.html,,
https://www.labnews.co.uk/article/2030834/biomimicry-informs-better-sensors-just-add-noise,https://www.nature.com/articles/s41467-020-18195-0,,
https://www.sciencedaily.com/releases/2019/12/191223095347.htm,https://www.pnas.org/content/116/51/25430,,
https://www.sciencedaily.com/releases/2020/07/200721160725.htm,http://dx.doi.org/10.3389/frobt.2020.00090,,
https://www.sciencedaily.com/releases/2020/07/200728130828.htm,http://dx.doi.org/10.1038/s41467-020-17502-z,,
https://www.sciencedaily.com/releases/2020/05/200518154937.htm,http://dx.doi.org/10.1073/pnas.1919099117,,
https://www.sciencedaily.com/releases/2020/07/200728130826.htm,http://dx.doi.org/10.1073/pnas.1921856117,,
https://www.sciencedaily.com/releases/2020/05/200506162156.htm,http://dx.doi.org/10.1086/707719,,
<https://www.sciencedaily.com/releases/2020/04/200428093506.htm>,https://www.sciencedaily.com/releases/2020/04/200428093506.htm,,
https://www.sciencedaily.com/releases/2020/06/200609111050.htm,https://aslopubs.onlinelibrary.wiley.com/doi/full/10.1002/lno.11474,,
https://www.sciencedaily.com/releases/2019/08/190830092111.htm,https://www.cell.com/current-biology/fulltext/S0960-9822(19)30879-6?_returnURL=https%3A%2F%2Flinkinghub.elsevier.com%2Fretrieve%2Fpii%2FS0960982219308796%3Fshowall%3Dtrue,,
https://www.sciencedaily.com/releases/2020/05/200522113824.htm,http://dx.doi.org/10.1111/eea.12910,,
https://www.nature.com/articles/nature21102,https://jeb.biologists.org/content/219/18/2908,,
https://www.sciencedaily.com/releases/2020/06/200622133041.htm,http://dx.doi.org/10.1186/s13059-020-02060-w,,
https://www.sciencedaily.com/releases/2019/03/190306152406.htm,https://www.nature.com/articles/s41467-019-08891-x,,
https://www.sciencedaily.com/releases/2020/10/201019145551.htm,http://dx.doi.org/10.1126/science.abb6703,,
https://www.sciencedaily.com/releases/2020/08/200827172100.htm,http://dx.doi.org/10.1038/s41558-020-0864-3,,
https://www.sciencedaily.com/releases/2020/07/200720103320.htm,http://dx.doi.org/10.1073/pnas.2003526117,,
https://www.sciencedaily.com/releases/2019/02/190208115304.htm,https://link.springer.com/article/10.1007%2Fs00359-018-01313-1,,
https://www.sciencedaily.com/releases/2020/05/200508112917.htm,http://dx.doi.org/10.1523/JNEUROSCI.0216-20.2020,,
https://www.sciencedaily.com/releases/2020/07/200715123145.htm,http://dx.doi.org/10.1021/acs.jproteome.0c00290,,
https://www.sciencedaily.com/releases/2020/07/200728113627.htm,http://dx.doi.org/10.1002/esp.4933,,
https://entomologytoday.org/2020/09/09/curious-case-spiders-ant-acacia-mutualisms/?fbclid=IwAR2SoCKSwLZLQ5Tfei7vYYJ_sc45xXaioVrhamFgPl-GeIKW52xPb1-kAFU,https://academic.oup.com/jinsectscience/article/20/4/16/5892795,,
https://www.sciencedaily.com/releases/2019/10/191011095910.htm,https://www.nature.com/articles/s41396-019-0494-9,,
https://www.sciencedaily.com/releases/2020/06/200610094045.htm,http://dx.doi.org/10.1038/s41598-020-66345-7,,
https://www.sciencedaily.com/releases/2020/02/200225221342.htm,https://royalsocietypublishing.org/doi/10.1098/rsif.2019.0692,,
https://www.sciencedaily.com/releases/2020/07/200706140848.htm,http://dx.doi.org/10.1038/s41557-020-0491-7,,
https://www.sciencedaily.com/releases/2020/08/200810140949.htm,http://dx.doi.org/10.1016/j.cub.2020.07.007,,
https://www.sciencedaily.com/releases/2020/05/200506162205.htm,http://dx.doi.org/10.1126/sciadv.aba1269,,
https://www.sciencedaily.com/releases/2020/06/200616173227.htm,http://dx.doi.org/10.1007/s00114-020-01683-0,,
https://www.sciencedaily.com/releases/2020/06/200615155114.htm,http://dx.doi.org/10.1073/pnas.1919377117,,
https://engineering.lehigh.edu/news/article/keith-w-moored-fin-tastic-model,https://royalsocietypublishing.org/doi/10.1098/rsif.2019.0655,,
https://www.sciencedaily.com/releases/2020/07/200724104219.htm,http://dx.doi.org/10.1523/JNEUROSCI.0241-20.2020,,
https://www.smithsonianmag.com/smart-news/andean-condor-can-soar-100-miles-without-flapping-180975342/,https://www.pnas.org/content/117/30/17884,,
https://www.sciencedaily.com/releases/2020/06/200623111333.htm,http://dx.doi.org/10.1073/pnas.2002707117,,
https://www.sciencedaily.com/releases/2020/06/200601072957.htm,https://www.nature.com/articles/s41467-020-16578-x,,
https://phys.org/news/2017-05-slice-pizza-curvature-fish-fins.html,https://royalsocietypublishing.org/doi/10.1098/rsif.2017.0247,,
https://www.sciencedaily.com/releases/2020/06/200611152415.htm,http://dx.doi.org/10.2139/ssrn.3570562,,
https://www.sciencedaily.com/releases/2020/06/200619104310.htm,http://dx.doi.org/10.1038/s41467-020-16921-2,,
https://www.sciencedaily.com/releases/2020/04/200414105558.htm,http://dx.doi.org/10.1074/jbc.RA119.012281,,
https://www.sciencedaily.com/releases/2020/06/200625144848.htm,http://dx.doi.org/10.1126/science.aba3203,,
https://www.sciencedaily.com/releases/2020/10/201006132122.htm,http://dx.doi.org/10.1021/acs.jpclett.0c02627,,
https://www.sciencedaily.com/releases/2020/07/200709141632.htm,http://dx.doi.org/10.1126/science.abb2978,,
https://www.sciencedaily.com/releases/2018/05/180522152123.htm,https://elifesciences.org/articles/34862,,
https://www.sciencedaily.com/releases/2020/07/200702113700.htm,http://dx.doi.org/10.1016/j.algal.2020.101970,,
https://www.sciencedaily.com/releases/2020/07/200724104209.htm,http://dx.doi.org/10.1371/journal.pone.0235928,,
https://www.sciencedaily.com/releases/2020/04/200428093506.htm,http://dx.doi.org/10.1016/j.cels.2020.04.002,,
https://www.sciencedaily.com/releases/2020/05/200529150617.htm,http://dx.doi.org/10.1103/PhysRevX.10.021045,,
https://www.sciencedaily.com/releases/2020/06/200618102416.htm,http://dx.doi.org/10.1016/j.matt.2020.05.011,,
https://www.sciencedaily.com/releases/2020/03/200312101048.htm,http://dx.doi.org/10.1038/s41567-020-0809-9,,
https://www.nature.com/news/how-the-disco-clam-got-its-flash-1.15462,https://royalsocietypublishing.org/doi/10.1098/rsif.2014.0407,,
https://www.sciencedaily.com/releases/2020/07/200716120658.htm,http://dx.doi.org/10.1021/acsinfecdis.0c00307,,
https://www.sciencedaily.com/releases/2020/06/200603100514.htm,https://www.nature.com/articles/s41467-020-16576-z,,
https://www.theverge.com/2016/4/22/11486644/ice-crystal-bacteria-process-study,https://advances.sciencemag.org/content/2/4/e1501630,,
https://www.sciencedaily.com/releases/2020/08/200806111854.htm,http://dx.doi.org/10.1016/j.cub.2020.07.005,,
https://www.nytimes.com/2020/08/13/science/animal-tears.html,https://www.frontiersin.org/articles/10.3389/fvets.2020.00283/full,,
https://www.sciencemag.org/news/2020/07/watch-3d-video-reveal-how-sperm-really-swim,https://advances.sciencemag.org/content/6/31/eaba5168,,
https://www.sciencedaily.com/releases/2020/06/200611094211.htm,http://dx.doi.org/10.1371/journal.ppat.1008600,,
https://www.sciencedaily.com/releases/2020/07/200716111636.htm,http://dx.doi.org/10.1016/j.cub.2020.06.044,,
https://www.sciencedaily.com/releases/2020/06/200616135808.htm,http://dx.doi.org/10.7554/eLife.52237,,
https://www.sciencedaily.com/releases/2020/02/200204112550.htm,https://academic.oup.com/jxb/article/71/10/2982/5722043,,
https://www.sciencedaily.com/releases/2020/09/200928125031.htm,http://dx.doi.org/10.1242/dmm.045971,,
https://www.sciencedaily.com/releases/2020/03/200310124715.htm,https://www.nature.com/articles/s41467-020-15033-1,,
https://www.sciencedaily.com/releases/2020/07/200715123141.htm,http://dx.doi.org/10.1242/jeb.215327,,
https://www.sciencedaily.com/releases/2020/07/200717120154.htm,http://dx.doi.org/10.1099/jgv.0.001466,,
https://www.sciencedaily.com/releases/2020/06/200619143439.htm,http://dx.doi.org/10.1093/beheco/araa056,,
https://www.sciencedaily.com/releases/2020/04/200408151231.htm,https://elifesciences.org/articles/52187,,
https://www.sciencedaily.com/releases/2020/02/200205132257.htm,https://www.cell.com/current-biology/fulltext/S0960-9822(19)31671-9?_returnURL=https%3A%2F%2Flinkinghub.elsevier.com%2Fretrieve%2Fpii%2FS0960982219316719%3Fshowall%3Dtrue,,
https://www.sciencedaily.com/releases/2020/05/200521151917.htm,http://dx.doi.org/10.1016/j.anbehav.2020.04.005,,
https://www.sciencedaily.com/releases/2020/05/200526203557.htm,http://dx.doi.org/10.1098/rspb.2020.0488,,
https://www.sciencedaily.com/releases/2020/06/200611104804.htm,http://dx.doi.org/10.7554/eLife.53370,,
https://www.sciencedaily.com/releases/2020/06/200625162248.htm,http://dx.doi.org/10.3390/md18060298,,
https://www.sciencedaily.com/releases/2020/04/200414225712.htm,http://dx.doi.org/10.1098/rsbl.2020.0063,,
https://www.sciencedaily.com/releases/2020/06/200630125142.htm,http://dx.doi.org/10.1111/1365-2664.13682,,
https://scripps.ucsd.edu/news/new-study-reveals-whats-behind-tarantulas-blue-hue,https://advances.sciencemag.org/content/1/10/e1500709,,
<https://www.scientificamerican.com/article/bumblebees-bite-plants-to-force-them-to-flower-seriously/>,https://www.scientificamerican.com/article/bumblebees-bite-plants-to-force-them-to-flower-seriously/,,
https://www.sciencedaily.com/releases/2020/07/200713165602.htm,http://dx.doi.org/10.1073/pnas.2006771117,,
https://www.newscientist.com/article/2131109-ladybirds-transparent-shell-reveals-how-it-folds-its-wings/,https://www.pnas.org/content/114/22/5624,,
https://www.sciencedaily.com/releases/2020/04/200417114442.htm,http://dx.doi.org/10.1126/science.aay6912,,
<https://physics.aps.org/articles/v13/76?utm_source=Nature+Briefing&amp;utm_campaign=4d3d1489a2-briefing-dy-20200511&amp;utm_medium=email&amp;utm_term=0_c9dfd39373-4d3d1489a2-44490913>,https://physics.aps.org/articles/v13/76?utm_source=Nature+Briefing&amp;utm_campaign=4d3d1489a2-briefing-dy-20200511&amp;utm_medium=email&amp;utm_term=0_c9dfd39373-4d3d1489a2-44490913,,
https://www.sciencedaily.com/releases/2020/05/200511092933.htm,http://dx.doi.org/10.1016/j.anbehav.2020.02.011,,
https://www.futurity.org/longicorn-beetle-cooling-material-2392622/,https://pubs.rsc.org/en/content/articlelanding/2019/sm/c9sm00566h/unauth#!divAbstract,,
https://www.sciencedaily.com/releases/2020/07/200723172000.htm,http://dx.doi.org/10.1093/beheco/araa068,,
https://www.sciencedaily.com/releases/2006/10/061024010417.htm,https://www.sciencedirect.com/science/article/pii/S096098220602135X,,
https://www.sciencedaily.com/releases/2020/02/200226131323.htm,http://dx.doi.org/10.1242/jeb.210807,,
https://www.sciencedaily.com/releases/2020/07/200717140740.htm,http://dx.doi.org/10.1126/sciadv.abb2307,,
https://www.sciencedaily.com/releases/2020/10/201019082832.htm,http://dx.doi.org/10.1038/s41598-020-74469-z,,
https://www.sciencedaily.com/releases/2020/04/200428112522.htm,http://dx.doi.org/10.1038/s41467-020-15522-3,,
https://www.sciencedaily.com/releases/2020/07/200710212233.htm,http://dx.doi.org/10.1038/s41598-020-67314-w,,
https://www.sciencedaily.com/releases/2020/08/200821094819.htm,http://dx.doi.org/10.1002/ecy.3129,,
https://news.missouri.edu/2020/bee-thankful-for-the-evolution-of-pollen/,https://bsapubs.onlinelibrary.wiley.com/doi/abs/10.1002/ajb2.1428,,
https://www.sciencedaily.com/releases/2020/04/200428112459.htm,http://dx.doi.org/10.1242/jeb.219287,,
https://www.sciencedaily.com/releases/2020/05/200512134526.htm,http://dx.doi.org/10.1093/beheco/araa027,,
https://www.sciencedaily.com/releases/2020/07/200717101013.htm,http://dx.doi.org/10.1098/rspb.2020.1147,,
https://www.sciencedaily.com/releases/2020/05/200512152000.htm,http://dx.doi.org/10.7554/eLife.55195,,
https://www.sciencealert.com/how-bee-brains-could-help-your-camera-take-better-photos,https://www.pnas.org/content/early/2017/06/26/1703454114.full,,
https://www.sciencedaily.com/releases/2019/03/190306100639.htm,https://link.springer.com/article/10.1007%2Fs00265-018-2621-4,,
https://www.sciencedaily.com/releases/2020/06/200617102437.htm,http://dx.doi.org/10.3390/ijms21093355,,
https://www.theatlantic.com/science/archive/2018/07/the-electric-flight-of-spiders/564437/,https://www.theatlantic.com/science/archive/2018/07/the-electric-flight-of-spiders/564437/,,
https://www.folio.ca/respiratory-virus-builds-doorbell-to-trick-its-way-into-cells-researchers-find/,https://www.nature.com/articles/s41586-020-2369-7,,
https://www.sciencedaily.com/releases/2020/06/200601104606.htm,http://dx.doi.org/10.1103/PhysRevLett.124.105302,,
https://www.sciencedaily.com/releases/2020/07/200714111730.htm,http://dx.doi.org/10.1073/pnas.1907360117,,
https://www.sciencedaily.com/releases/2020/07/200716220924.htm,http://dx.doi.org/10.1242/jeb.219642,,
https://www.sciencedaily.com/releases/2020/06/200610093549.htm,http://dx.doi.org/10.1093/aob/mcaa058,,
https://www.sciencedaily.com/releases/2020/08/200813113157.htm,http://dx.doi.org/10.1016/j.cub.2020.07.046,,
https://newatlas.com/mussel-byssal-cuticle-bonding/14392/,https://www.nature.com/articles/ncomms14539,,
https://iopscience.iop.org/article/10.1088/1748-3190/aba2f6,,,
https://www.sciencedaily.com/releases/2019/05/190508093708.htm,https://royalsocietypublishing.org/doi/10.1098/rsbl.2019.0015,,
https://www.sciencedaily.com/releases/2019/04/190404143747.htm,https://www.cell.com/cell/fulltext/S0092-8674(19)30291-0?_returnURL=https%3A%2F%2Flinkinghub.elsevier.com%2Fretrieve%2Fpii%2FS0092867419302910%3Fshowall%3Dtrue,,
https://www.sciencedaily.com/releases/2019/10/191001102207.htm,https://elifesciences.org/articles/47682,,
https://www.sciencedaily.com/releases/2019/03/190306110651.htm,https://onlinelibrary.wiley.com/doi/abs/10.1111/jav.01972,,
https://www.sciencedaily.com/releases/2019/04/190404143755.htm,https://onlinelibrary.wiley.com/doi/abs/10.1111/jeb.13446,,
https://www.sciencedaily.com/releases/2019/04/190429104736.htm,https://academic.oup.com/jxb/article/70/5/1613/5304599,,
https://www.cambridge.org/core/journals/journal-of-fluid-mechanics/article/wakeinduced-slaloming-response-explains-exquisite-sensitivity-of-seal-whiskerlike-sensors/9F792065FF8161772AC36BD48E057C46,https://www.cambridge.org/core/journals/journal-of-fluid-mechanics/article/abs/wakeinduced-slaloming-response-explains-exquisite-sensitivity-of-seal-whiskerlike-sensors/9F792065FF8161772AC36BD48E057C46,,
https://www.sciencedaily.com/releases/2019/03/190307131430.htm,https://pubs.acs.org/doi/10.1021/acs.jpclett.8b03719,,
https://www.sciencedaily.com/releases/2019/03/190305135259.htm,https://www.sciencedirect.com/science/article/abs/pii/S0378775319300291?via%3Dihub,,
https://www.nytimes.com/2018/03/09/science/hairyflower-wild-petunia-seeds.html,https://royalsocietypublishing.org/doi/full/10.1098/rsif.2017.0901,,
https://www.sciencedaily.com/releases/2019/02/190208124703.htm,https://royalsocietypublishing.org/doi/10.1098/rsif.2018.0561,,
https://www.sciencedaily.com/releases/2019/02/190215082348.htm,https://onlinelibrary.wiley.com/doi/abs/10.1111/mec.15022,,
https://www.cnn.com/2020/07/16/world/metal-eating-bacteria-intl-scli-scn/index.html,https://www.nature.com/articles/s41586-020-2468-5,,
https://www.sciencedaily.com/releases/2019/04/190429104725.htm,https://www.nature.com/articles/s41467-019-09814-6,,
https://www.nationalgeographic.com/science/phenomena/2015/12/03/how-a-5-ounce-bird-stores-10000-maps-in-its-head/?cmpid=org=ngp::mc=crm-email::src=ngp::cmp=editorial::add=SpecialEdition_Escape_20200820&rid=96877D7AAC6AA2F15A5EB9717539FCDD,https://www.researchgate.net/publication/227037533_The_central_role_of_Clark's_nutcracker_in_the_dispersal_and_establishment_of_whitebark_pine,,
https://www.sciencedaily.com/releases/2019/10/191010142111.htm,https://journals.plos.org/plosbiology/article?id=10.1371/journal.pbio.3000427,,
https://www.sciencedaily.com/releases/2019/04/190404114524.htm,https://journals.plos.org/plosbiology/article?id=10.1371/journal.pbio.3000057,,
https://www.sciencemag.org/news/2017/11/fly-survives-deadly-lake-encasing-itself-bubble-here-s-how-it-makes-it,https://www.pnas.org/content/114/51/13483,,
https://www.sciencedaily.com/releases/2019/04/190422100945.htm,https://www.pnas.org/content/116/17/8149,,
https://www.nature.com/news/2007/071016/full/news.2007.170.html,https://royalsocietypublishing.org/doi/10.1098/rspb.2007.1188,,
https://www.sciencedaily.com/releases/2019/03/190301160907.htm,https://advances.sciencemag.org/content/5/3/eaau9183,,
https://www.sciencedaily.com/releases/2019/12/191212104054.htm,https://epubs.siam.org/doi/10.1137/19M1262322,,
https://www.sciencedaily.com/releases/2019/05/190513132119.htm,https://link.springer.com/article/10.1140%2Fepje%2Fi2019-11812-1,,
https://www.sciencedaily.com/releases/2015/11/151123103844.htm,https://link.springer.com/article/10.1140/epjst/e2020-900273-x,,
https://www.nature.com/articles/d41586-020-02482-3,https://pubs.rsc.org/en/content/articlelanding/2020/EE/D0EE01281E#!divAbstract,,
https://www.bbc.com/future/article/20200825-indonesia-the-plants-that-mine-poisonous-metals,"https://link.springer.com/article/10.1007/s11104-017-3539-8#:~:text=Nickel%20hyperaccumulator%20plants%3A%20Discovery%20and,Hogan%20et%20al.%201983).",,
https://phys.org/news/2020-06-d-paradise-tree-snake-aerial.html,https://www.nature.com/articles/s41567-020-0935-4,,
https://www.scientificamerican.com/article/stingers-have-achieved-optimal-pointiness-physicists-show/?utm_source=newsletter&utm_medium=email&utm_campaign=today-in-science&utm_content=link&utm_term=2020-07-06_top-stories&spMailingID=67292434&spUserID=NDQwNjQ3ODAwNzUyS0&spJobID=1920660411&spReportId=MTkyMDY2MDQxMQS2,https://www.nature.com/articles/s41567-020-0930-9,,
https://www.nsf.gov/discoveries/disc_summ.jsp?cntn_id=300932&WT.mc_id=USNSF_1#.Xzp6TIX7r-A.linkedin,,,
sciencedaily.com/releases/2020/07/200728113627.htm,https://onlinelibrary.wiley.com/doi/10.1002/esp.4933,https://doi.org/10.1002/esp.4933,TRUE
https://www.popularmechanics.com/science/animals/a33289391/flying-snake-physics/,https://www.nature.com/articles/s41567-020-0935-4?utm_medium=affiliate&utm_source=commission_junction&utm_campaign=3_nsn6445_deeplink_PID100052570&utm_content=deeplink,https://doi.org/10.1038/s41567-020-0935-4,TRUE
https://undark.org/2020/07/22/social-insects-control-disease/,https://www.sciencedirect.com/science/article/pii/S0960982219303331,https://doi.org/10.1016/j.cub.2019.03.035,TRUE
https://www.pnas.org/content/114/22/5624.full,https://www.pnas.org/content/114/22/5624.full,https://doi.org/10.1073/pnas.1620612114,TRUE
sciencedaily.com/releases/2020/06/200610093549.htm,https://academic.oup.com/aob/article/126/3/377/5813485,https://doi.org/10.1093/aob/mcaa058,TRUE
https://science.sciencemag.org/content/368/6491/586?utm_campaign=SciMag,https://science.sciencemag.org/content/368/6491/586?utm_campaign=SciMag,10.1126/science.abb0064,TRUE
https://www.sciencedaily.com/releases/2020/04/200428225421.htm,https://royalsocietypublishing.org/doi/full/10.1098/rspb.2020.0457,https://doi.org/10.1098/rspb.2020.0457,TRUE
https://www.knowablemagazine.org/article/technology/2020/how-owls-fly-without-making-a-sound?utm_source=pocket-newtab,https://www.cambridge.org/core/journals/aeronautical-journal/article/abs/silent-flight-of-owls/590005C546FE1C08EE83E42B474BD881,https://doi.org/10.1017/S0368393100109915,TRUE
https://www.sciencemag.org/news/2017/01/how-slimy-hagfish-ties-itself-knots-and-survives-shark-attacks,https://www.sciencemag.org/news/2017/01/how-slimy-hagfish-ties-itself-knots-and-survives-shark-attacks,doi:10.1126/science.aal0584,TRUE
https://www.sciencedaily.com/releases/2019/02/190225170231.htm,https://www.sciencedirect.com/science/article/pii/S146780391830183X,https://doi.org/10.1016/j.asd.2018.12.004,TRUE
https://www.ucsf.edu/news/2020/08/418241/aeronabs-promise-powerful-inhalable-protection-against-covid-19?fbclid=IwAR2N4b1XG2wWOIhajaMu2W4r3gu5kLOijmJTVdhZn-ioPqhLbx84lXAx7q8,https://www.biorxiv.org/content/10.1101/2020.08.08.238469v1,https://doi.org/10.1101/2020.08.08.238469,TRUE
https://iopscience.iop.org/article/10.1088/1748-3182/7/3/036014/pdf,https://pubmed.ncbi.nlm.nih.gov/22573786/,10.1088/1748-3182/7/3/036014,TRUE
https://getpocket.com/explore/item/the-simple-algorithm-that-ants-use-to-build-bridges?utm_source=pocket-newtab,https://pubmed.ncbi.nlm.nih.gov/28939347/,10.1016/j.jtbi.2017.09.017,TRUE
https://iopscience.iop.org/article/10.1088/1748-3190/aba8ac,https://pubmed.ncbi.nlm.nih.gov/32702672/,10.1088/1748-3190/aba8ac,TRUE
https://royalsocietypublishing.org/doi/10.1098/rspb.2020.1748,https://royalsocietypublishing.org/doi/10.1098/rspb.2020.1748,https://doi.org/10.1098/rspb.2020.1748,TRUE
https://www.sciencedaily.com/releases/2020/10/201028195617.htm,"https://journals.biologists.com/jeb/article/223/20/jeb226654/226037/Remoras-pick-where-they-stick-on-blue-whales#:~:text=Animal%2Dborne%20video%20recordings%20from,the%20surface%20of%20the%20whale.&text=Remoras%20were%20observed%20to%20move,using%20skimming%20and%20sliding%20behaviors.",https://doi.org/10.1242/jeb.226654,TRUE
https://www.sciencedaily.com/releases/2020/10/201028110637.htm,"https://www.sciencedirect.com/science/article/abs/pii/S000334722030289X#:~:text=Discussion,ideal%20for%20their%20body%20size.",10.1016/j.anbehav.2020.09.014,TRUE
https://pubmed.ncbi.nlm.nih.gov/28179395/,https://pubmed.ncbi.nlm.nih.gov/28179395/,10.1152/physrev.00016.2016,TRUE
https://link.springer.com/chapter/10.1007/978-3-211-99749-9_1,"https://pubmed.ncbi.nlm.nih.gov/15490190/#:~:text=Nature%20has%20developed%20a%20stunning,mainly%20rely%20on%20visual%20information.&text=We%20show%20that%20the%20study,sensors%20and%20artificial%20control%20systems.",https://doi.org/10.1007/978-3-211-99749-9_1,TRUE
https://www.newswise.com/articles/jitterbug-roaches-and-robots-shake-it-to-transition-between-movements-in-tricky-terrain?sc=sphr&xy=10017257,https://www.pnas.org/content/117/26/14987.short?rss=1,https://doi.org/10.1073/pnas.1918297117,TRUE
https://www.sciencedirect.com/science/article/pii/B9780128167700000204,https://www.sciencedirect.com/science/article/pii/B9780128167700000204,https://doi.org/10.1016/B978-0-12-816770-0.00020-4,TRUE
https://www.newswise.com/articles/nature-s-antifreeze-provides-formula-for-more-durable-concrete?sc=swhr&xy=10017257,https://www.cell.com/cell-reports-physical-science/fulltext/S2666-3864(20)30054-0,https://doi.org/10.1016/j.xcrp.2020.100060,TRUE
https://www.sciencemag.org/news/2020/10/even-car-can-t-kill-beetle-here-s-why?utm_campaign=news_weekly_2020-10-23&et_rid=17351447&et_cid=3530918,https://www.sciencemag.org/news/2020/10/even-car-can-t-kill-beetle-here-s-why?utm_campaign=news_weekly_2020-10-23&et_rid=17351447&et_cid=3530918,10.1126/science.abf3519,TRUE
https://www.newswise.com/articles/off-the-scales-fish-armor-both-tough-and-flexible?sc=swhr&xy=10017257,https://www.cell.com/matter/fulltext/S2590-2385(20)30244-7,https://doi.org/10.1016/j.matt.2020.05.011,TRUE
https://www.sciencedaily.com/releases/2020/10/201029115812.htm,https://www.sciencedirect.com/science/article/abs/pii/S0960982220314184?dgcid=rss_sd_all,https://doi.org/10.1016/j.cub.2020.09.048,TRUE
https://www.sciencedaily.com/releases/2020/10/201029105115.htm,"https://onlinelibrary.wiley.com/doi/abs/10.1002/jez.b.22988#:~:text=The%20Pach%C3%B3n%20population%20of%20cavefish,between%20surface%20and%20cave%20populations.",https://doi.org/10.1002/jez.b.22988,TRUE
https://www.sciencedaily.com/releases/2020/10/201029142025.htm,https://pubmed.ncbi.nlm.nih.gov/33125889/,10.1016/j.cell.2020.09.008,TRUE
https://phys.org/news/2020-11-technique-reveals-deeper-insights-makeup.html,https://www.semanticscholar.org/paper/Nacre-toughening-due-to-cooperative-plastic-of-of-Loh-Divoux/1d84ee55ec49472583472ac2048b29d382a45d30,10.1038/s43246-020-00078-y,TRUE
https://www.sciencedaily.com/releases/2020/11/201103115652.htm,https://www.nature.com/articles/s41598-020-73900-9,https://doi.org/10.1038/s41598-020-73900-9,TRUE
https://www.sciencedaily.com/releases/2020/11/201125114354.htm,"https://www.pnas.org/content/117/49/31088#:~:text=The%20enzymatically%20active%20proteins%2C%20silicateins,the%20morphogenesis%20of%20the%20spicules.&text=Ultimately%2C%20we%20describe%20a%20naturally,crystalline%20assembly%20at%20atomic%20resolution.",https://doi.org/10.1073/pnas.2019140117,TRUE
https://www.sciencedaily.com/releases/2020/11/201125114354.htm,https://pubmed.ncbi.nlm.nih.gov/33109718/,10.1073/pnas.2013250117,TRUE
https://www.sciencedaily.com/releases/2020/11/201121104309.htm,https://www.semanticscholar.org/paper/High-capacity-auditory-memory-for-vocal-in-a-social-Yu-Wood/a352f14d563e48b733f2e501b38274e7ecd774a0,10.1126/sciadv.abe0440,TRUE
https://pubs.rsc.org/en/content/articlelanding/2020/na/d0na00445f#!divAbstract,https://pubs.rsc.org/en/content/articlelanding/2020/na/d0na00445f#!divAbstract,https://doi.org/10.1039/D0NA00445F,TRUE
https://www.sciencedirect.com/science/article/pii/S0378778819337946,https://www.sciencedirect.com/science/article/abs/pii/S0378778819337946,https://doi.org/10.1016/j.enbuild.2020.110313,TRUE
https://facultyweb.cortland.edu/fitzgerald/VibrationalCommunication.html,https://onlinelibrary.wiley.com/doi/abs/10.1111/j.1365-3032.2008.00627.x,https://doi.org/10.1111/j.1365-3032.2008.00627.x,TRUE
https://www.pnas.org/content/109/46/18674,https://www.pnas.org/content/109/46/18674,https://doi.org/10.1073/pnas.1213331109,TRUE
https://pubs.rsc.org/en/content/articlelanding/2020/fd/d0fd00034e/unauth#!divAbstract,https://pubs.rsc.org/en/content/articlelanding/2020/fd/d0fd00034e/unauth#!divAbstract,https://doi.org/10.1039/D0FD00034E,TRUE
https://link.springer.com/article/10.1663/0006-8101(2007)73[290:ADAMLR]2.0.CO;2,https://link.springer.com/article/10.1663/0006-8101(2007)73[290:ADAMLR]2.0.CO;2,https://doi.org/10.1663/0006-8101(2007)73[290:ADAMLR]2.0.CO;2,TRUE
https://www.sciencedaily.com/releases/2020/11/201113075237.htm,https://pubmed.ncbi.nlm.nih.gov/33179498/,10.1021/acs.nanolett.0c03618,TRUE
https://www.newswise.com/articles/the-machine-inside-a-catfish-s-catch?sc=swhr&xy=10017257,https://academic.oup.com/iob/article/2/1/obaa031/5962090,https://doi.org/10.1093/iob/obaa031,TRUE
https://royalsocietypublishing.org/doi/full/10.1098/rsif.2014.1294,https://royalsocietypublishing.org/doi/full/10.1098/rsif.2014.1294,https://doi.org/10.1098/rsif.2014.1294,TRUE
https://www.cell.com/joule/fulltext/S2542-4351(20)30449-9,https://www.cell.com/joule/fulltext/S2542-4351(20)30449-9,https://doi.org/10.1016/j.joule.2020.09.013,TRUE
https://jeb.biologists.org/content/221/20/jeb178905.article-info,https://journals.biologists.com/jeb/article/221/20/jeb178905/19667/Mammals-repel-mosquitoes-with-their-tails,https://doi.org/10.1242/jeb.178905,TRUE
https://journals.plos.org/plosone/article?id=10.1371/journal.pone.0242668,https://journals.plos.org/plosone/article?id=10.1371/journal.pone.0242668,https://doi.org/10.1371/journal.pone.0242668,TRUE
https://www.sciencedaily.com/releases/2020/12/201218094510.htm,https://www.pnas.org/content/117/52/32891,https://doi.org/10.1073/pnas.2009044117,TRUE
https://royalsocietypublishing.org/doi/10.1098/rspb.2020.1517,https://royalsocietypublishing.org/doi/10.1098/rspb.2020.1517,https://doi.org/10.1098/rspb.2020.1517,TRUE
https://www.researchgate.net/profile/Stephen_Bates/publication/327543450_Marine_Biominerals_with_a_Biotechnological_Future/links/5ee276a7a6fdcc73be7173fc/Marine-Biominerals-with-a-Biotechnological-Future.pdf,https://onlinelibrary.wiley.com/doi/abs/10.1002/9783527801718.ch27,https://doi.org/10.1002/9783527801718.ch27,TRUE
https://www.sciencedaily.com/releases/2021/01/210104131942.htm,https://www.nature.com/articles/s41567-020-01069-z,https://doi.org/10.1038/s41567-020-01069-z,TRUE
https://www.sciencedaily.com/releases/2021/01/210109152432.htm,https://www.nature.com/articles/s41396-020-00845-2,https://doi.org/10.1038/s41396-020-00845-2,TRUE
https://www.sciencedaily.com/releases/2021/01/210109152424.htm,https://www.researchgate.net/publication/348346545_DNA_Origami_Design_A_How-To_Tutorial,10.6028/jres.126.001,TRUE
https://www.sciencedaily.com/releases/2021/01/210108142145.htm,https://pubmed.ncbi.nlm.nih.gov/33370422/,10.1371/journal.ppat.1009146,TRUE
https://www.sciencedaily.com/releases/2021/01/210108123440.htm,https://royalsocietypublishing.org/doi/10.1098/rspb.2020.2494,10.1098/rspb.2020.2494,TRUE
https://www.sciencedaily.com/releases/2021/01/210108120100.htm,https://pubmed.ncbi.nlm.nih.gov/33324382/,10.3389/fmicb.2020.600463,TRUE
https://www.sciencedaily.com/releases/2021/01/210111135904.htm,https://science.sciencemag.org/content/371/6524/86,10.1126/science.abd8700,TRUE
https://www.sciencedaily.com/releases/2021/01/210111112153.htm,https://www.sciencedirect.com/science/article/pii/S0960982220317632,10.1016/j.cub.2020.11.050,TRUE
https://royalsocietypublishing.org/doi/full/10.1098/rspb.2020.2494,https://royalsocietypublishing.org/doi/full/10.1098/rspb.2020.2494,https://doi.org/10.1098/rspb.2020.2494,TRUE
https://www.sciencedaily.com/releases/2021/01/210113132411.htm,https://pubmed.ncbi.nlm.nih.gov/33296597/,10.1021/acschemneuro.0c00685,TRUE
https://www.sciencedaily.com/releases/2021/01/210113090934.htm,https://pubmed.ncbi.nlm.nih.gov/33441828/,10.1038/s41598-020-80323-z,TRUE
https://www.sciencedaily.com/releases/2021/01/210114163933.htm,https://pubmed.ncbi.nlm.nih.gov/33446550/,10.1126/science.abe4713,TRUE
https://www.sciencedaily.com/releases/2021/01/210114163927.htm,https://onlinelibrary.wiley.com/doi/full/10.1002/ece3.7121,10.1002/ece3.7121,TRUE
https://www.sciencedaily.com/releases/2021/01/210114163851.htm,https://pubmed.ncbi.nlm.nih.gov/33431675/,10.1073/pnas.201444211,TRUE
https://www.newswise.com/articles/snakes-evolve-a-magnetic-way-to-be-resistant-to-venom?sc=swhn,https://royalsocietypublishing.org/doi/10.1098/rspb.2020.2703,https://doi.org/10.1098/rspb.2020.2703,TRUE
https://www.cambridge.org/core/blog/2020/11/05/watch-how-do-birds-fly-in-strong-winds/,https://www.pnas.org/content/116/30/15033.short,https://doi.org/10.1073/pnas.1903422116,TRUE
https://www.sciencedaily.com/releases/2021/01/210115091359.htm,https://pubmed.ncbi.nlm.nih.gov/33434458/,10.1098/rspb.2020.2703,TRUE
https://www.sciencedaily.com/releases/2021/01/210115155338.htm,https://www.semanticscholar.org/paper/Nocturnal-visual-displays-and-call-description-of-Brunner-Guayasamin/a24431fd8aa85447157209bb2333dd893f02f9a0,10.1163/1568539X-bja10048,TRUE
https://www.sciencedaily.com/releases/2021/01/210115135300.htm,https://pubmed.ncbi.nlm.nih.gov/33453153/,10.1016/j.cell.2020.12.011,TRUE
https://www.sciencedaily.com/releases/2021/01/210121132059.htm,"https://royalsocietypublishing.org/doi/10.1098/rsif.2020.0854#:~:text=We%20further%20show%20that%20flexible,for%20their%20unique%20wing%20morphology.",10.1098/rsif.2020.0854,TRUE
https://www.sciencedaily.com/releases/2021/01/210121132014.htm,https://www.journals.uchicago.edu/doi/abs/10.1086/712602,10.1086/712602,TRUE
https://theconversation.com/beetle-parents-manipulate-information-broadcast-from-bacteria-in-a-rotting-corpse-151447?utm_medium=email&utm_campaign=Daily%20Newsletter%201262021&utm_content=Daily%20Newsletter%201262021+CID_f3d02c307f608e581dd5af65f99e23c9&utm_source=campaign_monitor_us&utm_term=Beetle%20parents%20manipulate%20information%20broadcast%20from%20bacteria%20in%20a%20rotting%20corpse,https://www.journals.uchicago.edu/doi/10.1086/712602,https://doi.org/10.1086/712602,TRUE
https://science.sciencemag.org/content/371/6528/478.1/tab-pdf,https://science.sciencemag.org/content/371/6528/478.1/tab-pdf,10.1126/science.371.6528.478-a,TRUE
https://pubs.acs.org/doi/pdf/10.1021/acs.chemrev.7b00168,https://pubs.acs.org/doi/10.1021/acs.chemrev.7b00168,10.1021/acs.chemrev.7b00168,TRUE
https://theconversation.com/to-make-less-harmful-road-salts-were-studying-natural-antifreezes-produced-by-fish-153087,https://www.sciencedirect.com/science/article/abs/pii/S0022191004000022?via%3Dihub,https://doi.org/10.1016/j.jinsphys.2003.12.003,TRUE
https://news.cornell.edu/stories/2021/01/gut-microbes-plant-eating-ants-help-build-tougher-armor,https://www.nature.com/articles/s41467-021-21065-y,https://doi.org/10.1038/s41467-021-21065-y,TRUE
https://www.sciencedaily.com/releases/2021/02/210202113815.htm,https://www.nature.com/articles/s41598-021-81114-w,10.1038/s41598-021-81114-w,TRUE
https://arc.aiaa.org/doi/abs/10.2514/6.2021-0848,https://arc.aiaa.org/doi/abs/10.2514/6.2021-0848,https://doi.org/10.2514/6.2021-0848,TRUE
https://www.smithsonianmag.com/science-nature/invasive-brown-tree-snakes-stun-scientists-amazing-new-climbing-tactic-180976728/,https://www.cell.com/current-biology/fulltext/S0960-9822(20)31763-2,https://doi.org/10.1016/j.cub.2020.11.050,TRUE
https://journals.plos.org/plosone/article?id=10.1371/journal.pone.0221287,https://journals.plos.org/plosone/article?id=10.1371/journal.pone.0221287,https://doi.org/10.1371/journal.pone.0221287,TRUE
https://www.sciencedaily.com/releases/2021/02/210208100531.htm,https://pubmed.ncbi.nlm.nih.gov/33341977/,10.1111/nph.17156,TRUE
https://www.sciencedaily.com/releases/2021/02/210208114240.htm,https://royalsocietypublishing.org/doi/10.1098/rstb.2019.0753,https://doi.org/10.1098/rstb.2019.0753,TRUE
https://www.sciencedaily.com/releases/2021/02/210209204139.htm,https://royalsocietypublishing.org/doi/full/10.1098/rspb.2020.2676,10.1098/rspb.2020.2676,TRUE
https://www.emerald.com/insight/content/doi/10.1108/RJTA-16-03-2012-B009/full/html,https://www.semanticscholar.org/paper/An-Investigation-on-Surface-Characteristics-of-Hair-Hong-jie-Zhen/4155659bf6cd0f39a56aeb1eea75c582f6f00663,https://doi.org/10.1108/RJTA-16-03-2012-B009,TRUE
https://septentrio.uit.no/index.php/rangifer/article/view/659,https://septentrio.uit.no/index.php/rangifer/article/view/659,https://doi.org/10.7557/2.6.2.659,TRUE
https://www.sciencedaily.com/releases/2021/02/210212094110.htm,https://www.nature.com/articles/s41598-021-83342-6,10.1038/s41598-021-83342-6,TRUE
https://www.sciencedaily.com/releases/2021/02/210212111917.htm,https://pubmed.ncbi.nlm.nih.gov/33581072/,10.1016/j.cub.2021.01.051,TRUE
https://www.sciencedaily.com/releases/2021/02/210215092430.htm,https://onlinelibrary.wiley.com/doi/full/10.1111/ecog.05376,10.1111/ecog.05376,TRUE
https://www.sciencedaily.com/releases/2021/02/210215092424.htm,https://www.nature.com/articles/s41598-021-83354-2,10.1038/s41598-021-83354-2,TRUE
https://www.sciencedaily.com/releases/2021/02/210215131224.htm,https://www.nature.com/articles/s41559-020-01382-z,10.1038/s41559-020-01382-z,TRUE
https://www.scientificamerican.com/article/snakes-flexible-heat-sensing-organs-explained/,https://www.cell.com/matter/fulltext/S2590-2385(20)30521-X,https://doi.org/10.1016/j.matt.2020.09.023,TRUE
https://www.scientificamerican.com/article/this-flower-is-really-a-fungus-in-disguise/,https://www.sciencedirect.com/science/article/abs/pii/S1087184520301572,https://doi.org/10.1016/j.fgb.2020.103466,TRUE
https://www.sciencedaily.com/releases/2021/02/210218094534.htm,https://pubmed.ncbi.nlm.nih.gov/33373718/,10.1016/j.jprot.2020.104083,TRUE
https://www.sciencedaily.com/releases/2021/02/210223121643.htm,https://www.pnas.org/content/118/10/e2007815118,10.1073/pnas.2007815118,TRUE
https://www.sciencedaily.com/releases/2021/02/210223110500.htm,https://academic.oup.com/conphys/article/9/1/coaa120/6102284,10.1093/conphys/coaa120,TRUE
https://www.sciencedaily.com/releases/2021/02/210224120355.htm,https://pubmed.ncbi.nlm.nih.gov/33709750/,10.1103/PhysRevLett.126.088003,TRUE
https://www.sciencedaily.com/releases/2021/02/210226103816.htm,https://pubmed.ncbi.nlm.nih.gov/33633138/,10.1038/s41598-021-83961-z,TRUE
https://www.pv-magazine.com/2021/02/09/novel-algorithm-for-integrating-solar-wind-hydrogen/,https://www.sciencedirect.com/science/article/pii/S1110016820305457#!,https://doi.org/10.1016/j.aej.2020.10.027,TRUE
https://www.sciencedaily.com/releases/2021/03/210302150116.htm,https://pubmed.ncbi.nlm.nih.gov/33504818/,10.1038/s41598-021-81421-2,TRUE
https://www.sciencedaily.com/releases/2021/03/210302075417.htm,https://www.nature.com/articles/s41467-021-21179-3,10.1038/s41467-021-21179-3,TRUE
https://www.sciencedaily.com/releases/2021/03/210302212001.htm,https://pubmed.ncbi.nlm.nih.gov/33653135/,10.1098/rspb.2020.3161,TRUE
https://www.sciencedaily.com/releases/2021/03/210302212004.htm,https://royalsocietypublishing.org/doi/10.1098/rsbl.2020.0892,10.1098/rsbl.2020.0892,TRUE
https://www.sciencedirect.com/science/article/pii/S0960982221001135,https://www.sciencedirect.com/science/article/pii/S0960982221001135,https://doi.org/10.1016/j.cub.2021.01.048,TRUE
https://www.sciencedaily.com/releases/2021/03/210304145430.htm,"https://www.sciencedirect.com/science/article/pii/S0960982221001135#:~:text=Previous%20studies%20of%20auditory%20masking,recognition%2C%20and%20discrimination%20in%20noise.",10.1016/j.cub.2021.01.048,TRUE
https://massivesci.com/articles/snakes-predation-camouflage-evolution/?utm_source=drip&utm_medium=email&utm_campaign=Clever+creatures+%28Weekend+Reads+08-07-20%29&utm_content=Strange+and+clever+animals,https://www.sciencedirect.com/science/article/abs/pii/S0003347220300956?via%3Dihub,https://doi.org/10.1016/j.anbehav.2020.04.005,TRUE
https://www.sciencedaily.com/releases/2021/03/210308111922.htm,https://www.sciencedirect.com/science/article/abs/pii/S0960982221000476,10.1016/j.cub.2021.01.014,TRUE
https://www.sciencedaily.com/releases/2021/03/210308131728.htm,https://www.semanticscholar.org/paper/Reflectin-needs-its-intensity-amplifier%3A-Realizing-Morse-Taxon/2d72b1c73d640c4428ec8e4e223b5499ef7da521,10.1063/5.0026546,TRUE
https://www.sciencedaily.com/releases/2021/03/210309153830.htm,https://journals.asm.org/doi/full/10.1128/mBio.03637-20,10.1128/mBio.03637-20,TRUE
https://www.sciencedaily.com/releases/2021/03/210311185936.htm,"https://royalsocietypublishing.org/doi/10.1098/rspb.2020.3052#:~:text=Our%20results%20suggest%20that%20being,convergence%20driven%20by%20predator%20selection.",10.1098/rspb.2020.3052,TRUE
https://www.witpress.com/Secure/elibrary/papers/DN06/DN06002FU1.pdf,https://www.semanticscholar.org/paper/A-Graphic-Way-For-Notch-Shape-Optimization-Mattheck-S%C3%B6rensen/a8552ef1f90f8a8f696b517cd78c07bf91a66eaf,10.2495/DN060021,TRUE
https://techxplore.com/news/2021-01-bio-inspired-robotics-dragonflies.html,https://www.semanticscholar.org/paper/A-controllable-dual-catapult-system-inspired-by-the-B%C3%BCsse-Koehnsen/abf57675596914d48181ab841a6d96667e87144f,10.1126/scirobotics.abc8170,TRUE
https://advance.science.sfu.ca/publications/browserecord.php?-action=browse&-recid=22108,https://journals.plos.org/plosone/article?id=10.1371/journal.pone.0228988,https://doi.org/10.1371/journal.pone.0228988,TRUE
https://www.sciencedaily.com/releases/2020/05/200508145321.htm,"https://royalsocietypublishing.org/doi/10.1098/rspb.2020.0123#:~:text=Sideways%20wall%2Drunning%20geckos%20realigned,was%20not%20compromised%2C%20but%20redistributed.&text=Geckos%20increase%20their%20effectiveness%20of,control%20afforded%20by%20multiple%20toes.",10.1098/rspb.2020.0123,TRUE
https://news.yale.edu/2019/03/13/how-run-rough-terrain-guide-humans-and-robots?utm_source=YNemail&utm_medium=email&utm_campaign=yn-03-14-19,https://royalsocietypublishing.org/doi/10.1098/rsos.181729,https://doi.org/10.1098/rsos.181729,TRUE
https://www.sciencedaily.com/releases/2019/03/190307161919.htm,https://link.springer.com/article/10.1140/epje/s10189-021-00099-6,,TRUE
https://www.sciencedaily.com/releases/2021/04/210419084256.htm,https://esajournals.onlinelibrary.wiley.com/doi/full/10.1002/ecy.3359,10.1002/ecy.3359,TRUE
https://www.sciencedaily.com/releases/2021/04/210420160909.htm,https://www.semanticscholar.org/paper/Total-Synthesis-and-Target-Identification-of-the-Cui-Dwyer/42e9d0e52d28e569661023a667fe2fe8bfbab261,10.1021/jacs.1c00557,TRUE
https://www.popsci.com/snails-teeth-have-just-dethroned-spiders-silk-strongest-biological-material/,https://royalsocietypublishing.org/doi/10.1098/rsif.2014.1326,https://doi.org/10.1098/rsif.2014.1326,TRUE
https://jacobsschool.ucsd.edu/news/release/3261,https://movementecologyjournal.biomedcentral.com/articles/10.1186/s40462-021-00247-9,https://doi.org/10.1186/s40462-021-00247-9,TRUE
https://www.sciencedaily.com/releases/2021/05/210506142036.htm,https://pubmed.ncbi.nlm.nih.gov/33961785/,10.1016/j.cub.2021.03.103,TRUE
https://www.sciencedaily.com/releases/2021/05/210513124011.htm,https://pubmed.ncbi.nlm.nih.gov/33984265/,10.1016/j.cub.2021.04.040,TRUE
https://www.sciencedirect.com/science/article/abs/pii/S1742706114001317,https://www.sciencedirect.com/science/article/abs/pii/S1742706114001317,https://doi.org/10.1016/j.actbio.2014.03.020,TRUE
https://royalsocietypublishing.org/doi/full/10.1098/rsif.2014.0321,https://royalsocietypublishing.org/doi/full/10.1098/rsif.2014.0321,https://doi.org/10.1098/rsif.2014.0321,TRUE
https://phys.org/news/2021-05-duetting-songbirds-mute-musical-mind.html,www.pnas.org/cgi/doi/10.1073/pnas.2018188118,https://doi.org/10.1073/pnas.2018188118,TRUE
https://www.sciencedaily.com/releases/2021/05/210514134205.htm,https://www.sciencedirect.com/science/article/pii/S2666634021001537,10.1016/j.medj.2021.04.004,TRUE
https://www.sciencedaily.com/releases/2021/05/210527155402.htm,https://pubmed.ncbi.nlm.nih.gov/33932298/,10.1111/nph.17444,TRUE
https://www.sciencedaily.com/releases/2021/06/210610135548.htm,https://www.pnas.org/content/118/23/e2024329118/tab-article-info,10.1073/pnas.2024329118,TRUE
https://pubmed.ncbi.nlm.nih.gov/31446115/,https://pubmed.ncbi.nlm.nih.gov/31446115/,10.1016/j.bone.2019.115046,TRUE
https://www.sciencedaily.com/releases/2021/06/210622123215.htm,https://journals.biologists.com/jeb/article/224/12/jeb240861/269242/Bumblebees-can-detect-floral-humidity,10.1242/jeb.240861,TRUE
https://www.sciencedaily.com/releases/2021/07/210709193517.htm,https://science.sciencemag.org/content/373/6551/223,10.1126/science.abf4557,TRUE
https://www.sciencedaily.com/releases/2021/07/210709104215.htm,https://www.nature.com/articles/s41598-021-93808-2,10.1038/s41598-021-93808-2,TRUE